-- MySQL dump 10.13  Distrib 5.5.46, for Win64 (x86)
--
-- Host: localhost    Database: yuexinchina
-- ------------------------------------------------------
-- Server version	5.5.46

/*!40101 SET @OLD_CHARACTER_SET_CLIENT=@@CHARACTER_SET_CLIENT */;
/*!40101 SET @OLD_CHARACTER_SET_RESULTS=@@CHARACTER_SET_RESULTS */;
/*!40101 SET @OLD_COLLATION_CONNECTION=@@COLLATION_CONNECTION */;
/*!40101 SET NAMES utf8 */;
/*!40103 SET @OLD_TIME_ZONE=@@TIME_ZONE */;
/*!40103 SET TIME_ZONE='+00:00' */;
/*!40014 SET @OLD_UNIQUE_CHECKS=@@UNIQUE_CHECKS, UNIQUE_CHECKS=0 */;
/*!40014 SET @OLD_FOREIGN_KEY_CHECKS=@@FOREIGN_KEY_CHECKS, FOREIGN_KEY_CHECKS=0 */;
/*!40101 SET @OLD_SQL_MODE=@@SQL_MODE, SQL_MODE='NO_AUTO_VALUE_ON_ZERO' */;
/*!40111 SET @OLD_SQL_NOTES=@@SQL_NOTES, SQL_NOTES=0 */;

--
-- Table structure for table `content`
--

DROP TABLE IF EXISTS `content`;
/*!40101 SET @saved_cs_client     = @@character_set_client */;
/*!40101 SET character_set_client = utf8 */;
CREATE TABLE `content` (
  `content_id` int(11) NOT NULL AUTO_INCREMENT,
  `content_type` varchar(30) DEFAULT NULL,
  `content_key` varchar(50) DEFAULT NULL,
  `subject` varchar(150) DEFAULT NULL,
  `content` text,
  `m_image` varchar(100) DEFAULT NULL,
  `rec_date` timestamp NOT NULL DEFAULT CURRENT_TIMESTAMP,
  PRIMARY KEY (`content_id`)
) ENGINE=InnoDB AUTO_INCREMENT=135 DEFAULT CHARSET=utf8;
/*!40101 SET character_set_client = @saved_cs_client */;

--
-- Dumping data for table `content`
--

LOCK TABLES `content` WRITE;
/*!40000 ALTER TABLE `content` DISABLE KEYS */;
INSERT INTO `content` VALUES (1,'company','site_name','','岳信.中国IP防水试验机第一品牌,给您提供最专业的IP防水检测设备系统解决方案','','2015-11-16 07:38:24'),(2,'company','seo_key','','IP防水试验机, IPX12滴雨试验机, IPX34摆管淋雨试验机, IPX56强喷水试验机, IPX78浸水试验机, UL喷水试验装置, 日标淋雨试验箱, 手持式淋雨试验装置, IPX9K高压喷淋试验箱, IPX8压力浸水试验机防尘箱, IP56防尘试验箱','','2015-11-16 07:38:25'),(3,'company','site_notice','','您好,欢迎来到本网站！专业生产：IP防水试验机,摆管淋雨试验机和压力浸水试验机等产品.','','2015-11-16 07:38:26'),(4,'company','site_desc','','IP防水试验机, IPX12滴雨试验机, IPX34摆管淋雨试验机, IPX56强喷水试验机, IPX78浸水试验机, UL喷水试验装置, 日标淋雨试验箱, 手持式淋雨试验装置, IPX9K高压喷淋试验箱, IPX8压力浸水试验机防尘箱, IP56防尘试验箱','','2015-11-16 07:38:27'),(5,'company','company_name','','广州岳信试验设备有限公司','','2015-12-17 02:11:19'),(6,'company','company_outline','','广州岳信试验设备有限公司是一家集研发、生产、销售为一体的科技型企业，公司专业生产滴水试验箱、淋雨试验箱等IPX防水试验设备。自创立以来，公司坚持“以新品拓展市场，以质量保证市场，以服务赢得市场”，凭借雄厚的技术力量，利用先进的生产设备和检测设备，使“岳信”品牌的产品广泛应用于航空航天、汽车制造、造船、塑料、电子电工、通信技术、五金机械、仪器仪表、石油仪表、石油化工等领域。实干赢取未来，创新成就梦想：广州岳信将坚持专业化的发展道路，求真务实，开拓创新，以“专业缔造非凡品质，成就中国民族品牌”为目标，为“中国梦”贡献更多的力量。热忱欢迎各界朋友前来参观、考察！','','2015-12-17 02:11:20'),(7,'company','company_introduce','','<p align=\"center\" style=\"font-family:Verdana, Arial, Helvetica, sans-serif;color:#333333;\">\n	<img src=\"/admin/scripts/kindeditor/attached/image/20151217/20151217100539_65112.jpg\" alt=\"\" />\n</p>\n<p align=\"left\" style=\"font-family:Verdana, Arial, Helvetica, sans-serif;color:#333333;\">\n	<span><span style=\"font-family:宋体;color:#333333;\"><span><span><span style=\"font-family:宋体;color:#333333;\"><span><span><span style=\"font-size:12px;font-family:Verdana, Arial, Helvetica, sans-serif;\"> <span style=\"font-size:12pt;font-family:新宋体;\"><span>\n	<p class=\"MsoNormal\">\n		&nbsp; &nbsp; 广州岳信试验设备有限公司是一家专业研发、制造防水测试设备的生产型企业。\n	</p>\n	<p class=\"MsoNormal\">\n		&nbsp;&nbsp;&nbsp;2003<span>年</span>，广州岳信创业，成立广州岳信机械厂。从事试验机械设备的研发及生产，是各大经销商幕后的供应商。2013<span>年</span>，公司对市场进行战略调整，以“专业缔造非凡品质、成就中国民族品牌”为指导方针，重新成立广州岳信试验设备有限公司。2014<span>年，注册岳信商标。目前。广州岳信拥有员工</span><span>30</span><span>余人。</span>\n	</p>\n	<p class=\"MsoNormal\">\n		&nbsp;&nbsp;&nbsp;广州岳信公司以<span>1</span>2年的试验机行业生产及品质控制实战经验，定位为专注于IP<span>防水试验机的生产、销售及服务。</span>\n	</p>\n	<p class=\"MsoNormal\">\n		&nbsp;&nbsp;&nbsp;公司主要生产：<span>IPX1/IPX2</span><span>垂直滴雨试验</span>设备、<span>IPX3/IPX4</span><span>摆管淋雨试验</span>设备、<span>IPX5/IPX6</span><span>强喷水试验</span>设备、<span>IPX7</span><span>浸水试验箱、</span><span>IPX8</span>压力浸水试验设备、<span>IPX9K</span><span>高压高温喷淋试验箱、</span><span>UL</span><span>喷水试验装置、花洒淋雨试验装置、日标防水试验箱等</span>IP<span>外壳</span>防护试验设备。\n	</p>\n	<p class=\"MsoNormal\">\n		&nbsp; &nbsp; 公司坚持“以新品拓展市场，以质量保证市场，以服务赢得市场”的战略方针。凭借一流的技术团队，利用先进的生产设备，使“岳信”品牌的产品广泛应运于户外电器、灯具、各检测计量单位及其他领域。致力为中国的品质检测提供最优质的试验装置，助力“中国制造”的品质提升。\n	</p>\n	<p class=\"MsoNormal\" style=\"text-indent:20.6000pt;\">\n		&nbsp;实干赢取未来，创新成就梦想。广州岳信将坚持专业化的发展道路，求真务实，开拓创新，以“成就中国民族品牌”为目标，为“中国梦”贡献更多的力量。\n	</p>\n</span></span></span></span></span></span></span></span></span></span>\n</p>\n<span><span><span><span><span>\n<p class=\"MsoNormal\" style=\"font-size:12px;font-family:Verdana, Arial, Helvetica, sans-serif;color:#333333;\">\n	<span><span style=\"font-size:12pt;line-height:22px;font-family:新宋体;\"><span style=\"font-size:12px;font-family:Verdana, Arial, Helvetica, sans-serif;\"></span></span><span style=\"font-size:12pt;line-height:22px;font-family:新宋体;\"><span style=\"font-size:12px;font-family:Verdana, Arial, Helvetica, sans-serif;\"></span></span></span> \n</p>\n<p class=\"MsoNormal\" style=\"font-size:12px;font-family:Verdana, Arial, Helvetica, sans-serif;color:#333333;\">\n	<span style=\"font-size:12pt;line-height:22px;font-family:新宋体;\"><span></span></span> \n</p>\n<p class=\"MsoNormal\" style=\"text-align:center;font-size:12px;font-family:Verdana, Arial, Helvetica, sans-serif;color:#333333;\">\n	<span style=\"font-size:12pt;line-height:22px;font-family:新宋体;color:#000000;\"><span style=\"color:#000000;\"><span style=\"color:#000000;font-size:24px;\"><strong><em>热忱欢迎各界朋友前来参观、考察、洽谈业务</em></strong></span></span></span> \n</p>\n</span></span></span></span></span>','','2015-12-17 02:11:21'),(8,'company','company_culture','','<p class=\"MsoNormal\" align=\"center\" style=\"text-align:left;font-family:Verdana, Arial, Helvetica, sans-serif;color:#333333;\">\n	<strong>公司定位</strong><span style=\"line-height:1.5;\">：专业生产IPX防水试验设备的制造商</span>\n	<p class=\"MsoNormal\">\n		<br />\n	</p>\n	<p class=\"MsoNormal\">\n		<br />\n	</p>\n	<p class=\"MsoNormal\">\n		<strong>岳信宗旨</strong>：\n	</p>\n	<p class=\"MsoNormal\">\n		<strong>真诚做人，诚信做事</strong>\n	</p>\n	<p class=\"MsoNormal\">\n		我们坚持诚信是合作的第一基础，无论是做人还是做事，\n	</p>\n	<p class=\"MsoNormal\">\n		岳信都坚持以诚信为准则，以真诚的服务态度、认真的做事方式，真心对待每一个客户。\n	</p>\n	<p class=\"MsoNormal\">\n		&nbsp;<img src=\"/admin/scripts/kindeditor/attached/image/20151217/20151217102218_61383.jpg\" alt=\"\" />\n	</p>\n	<p class=\"MsoNormal\">\n		&nbsp;\n	</p>\n	<p class=\"MsoNormal\">\n		<br />\n	</p>\n	<p class=\"MsoNormal\">\n		<strong>岳信使命</strong>：\n	</p>\n	<p class=\"MsoNormal\">\n		<strong>助力中国制造的品质提升</strong>\n	</p>\n	<p class=\"MsoNormal\">\n		我们始终坚持通过优秀的技术及优质的原材料来提升设备的品质和服务，\n	</p>\n	<p class=\"MsoNormal\">\n		并以此贡献社会，提高国产产品质量，增加国民经济的利益，促进社会发展\n	</p>\n	<p class=\"MsoNormal\">\n		&nbsp;<img src=\"/admin/scripts/kindeditor/attached/image/20151217/20151217102247_53805.jpg\" alt=\"\" />\n	</p>\n	<p class=\"MsoNormal\">\n		<strong><br />\n</strong>\n	</p>\n	<p class=\"MsoNormal\">\n		<strong><br />\n</strong>\n	</p>\n	<p class=\"MsoNormal\">\n		<strong>岳信愿景</strong>：\n	</p>\n	<p class=\"MsoNormal\">\n		<strong>做世界的岳信</strong>\n	</p>\n	<p class=\"MsoNormal\">\n		我们致力于成为国内防水试验设备行业的领导者，<span style=\"line-height:1.5;\">跻身全国</span>\n	</p>\n	<p class=\"MsoNormal\">\n		<span style=\"line-height:1.5;\">试验设备综合实力前十强，使“岳信”成为全国知名的品牌。</span>\n	</p>\n	<p class=\"MsoNormal\">\n		我们更将不断提升境界、放眼全球，以全球化经营的理念为\n	</p>\n	<p class=\"MsoNormal\">\n		指引，<span style=\"line-height:1.5;\">瞄准国际市场，不断创新、深化改革、培养人才，打造</span><span style=\"line-height:1.5;\">具有全球优势的企业价值链。</span>\n	</p>\n	<p class=\"MsoNormal\">\n		&nbsp;<img src=\"/admin/scripts/kindeditor/attached/image/20151217/20151217102314_94743.jpg\" alt=\"\" />\n	</p>\n	<p class=\"MsoNormal\">\n		<strong><br />\n</strong>\n	</p>\n	<p class=\"MsoNormal\">\n		<strong><br />\n</strong>\n	</p>\n	<p class=\"MsoNormal\">\n		<strong>核心价值观</strong>：\n	</p>\n	<p class=\"MsoNormal\">\n		<strong>客户、员工与岳信共赢</strong>\n	</p>\n	<p class=\"MsoNormal\">\n		客户是上帝，是岳信的衣食父母，我们坚持以诚相待，积极\n	</p>\n	<p class=\"MsoNormal\">\n		站在客户的立场思考问题，解决问题，互惠互利，共同发展；\n	</p>\n	<p class=\"MsoNormal\">\n		员工是公司最重要的财富，我们坚持员工以品德和能力赢得<span style=\"line-height:1.5;\">信任、以贡献赢得回报，提供平台帮助员工积极全面发展。</span>\n	</p>\n	<p class=\"MsoNormal\">\n		<img src=\"/admin/scripts/kindeditor/attached/image/20151217/20151217102331_79164.jpg\" alt=\"\" />\n	</p>\n	<p class=\"MsoNormal\">\n		<p class=\"MsoNormal\" style=\"color:#333333;font-family:Verdana, Arial, Helvetica, sans-serif;\">\n			<strong><br />\n</strong>\n		</p>\n		<p class=\"MsoNormal\" style=\"color:#333333;font-family:Verdana, Arial, Helvetica, sans-serif;\">\n			<strong><br />\n</strong>\n		</p>\n		<p class=\"MsoNormal\" style=\"color:#333333;font-family:Verdana, Arial, Helvetica, sans-serif;\">\n			<strong>服务体系</strong>：\n		</p>\n		<p class=\"MsoNormal\" style=\"color:#333333;font-family:Verdana, Arial, Helvetica, sans-serif;\">\n			服务宗旨:&nbsp;顾客第一&nbsp;竭诚服务&nbsp;\n		</p>\n		<p class=\"MsoNormal\" style=\"color:#333333;font-family:Verdana, Arial, Helvetica, sans-serif;\">\n			服务理念：全程关爱&nbsp;倾情服务\n		</p>\n		<p class=\"MsoNormal\" style=\"color:#333333;font-family:Verdana, Arial, Helvetica, sans-serif;\">\n			服务方针：及时、规范、优质\n		</p>\n		<p class=\"MsoNormal\" style=\"color:#333333;font-family:Verdana, Arial, Helvetica, sans-serif;\">\n			服务目标：力求顾客十分满意，建立长久合作关系\n		</p>\n<img src=\"/admin/scripts/kindeditor/attached/image/20151217/20151217102345_83635.jpg\" alt=\"\" />\n	</p>\n</p>\n<span style=\"line-height:22px;font-family:宋体;color:#333333;\">\n<p class=\"MsoNormal\" style=\"font-family:Verdana, Arial, Helvetica, sans-serif;\">\n	<span><span></span></span> \n</p>\n</span>','','2015-12-17 02:26:20'),(9,'company','company_spirit','','<p align=\"center\" style=\"text-align:left;font-family:Verdana, Arial, Helvetica, sans-serif;color:#333333;\">\n	<span style=\"line-height:20.3999996185303px;\">暂无</span>\n</p>\n<p style=\"font-family:Verdana, Arial, Helvetica, sans-serif;color:#333333;\">\n	<br />\n</p>\n<p align=\"center\" style=\"font-family:Verdana, Arial, Helvetica, sans-serif;color:#333333;\">\n	<br />\n</p>\n<p align=\"center\" style=\"font-family:Verdana, Arial, Helvetica, sans-serif;color:#333333;\">\n	<br />\n</p>','','2015-12-17 02:29:22'),(10,'company','company_honor','','','','2015-12-17 02:57:06'),(11,'company','contact_person','','陈强（业务经理）','','2015-12-17 02:27:44'),(12,'company','company_phone','','020-34722228','','2015-12-17 02:27:45'),(13,'company','mobile_phone','','18122303372','','2015-12-17 02:27:46'),(14,'company','company_fax','','020-34722227','','2015-12-17 02:27:47'),(15,'company','company_qq','','1928421719','','2015-12-17 02:27:48'),(16,'company','company_email','','yuexin@yuexin80.com','','2015-12-17 02:27:49'),(17,'company','company_addr','','广州省广州市番禺区新造镇南约商业街34号','','2015-12-17 02:27:50'),(18,'company','official_site','','www.yuexinchina.com','','2015-12-17 02:27:51'),(19,'company','other_contact','','营销型网站：www.yxipx.com','','2015-12-17 02:27:53'),(20,'company','ali_store','','http://pyyuexin.1688.com','','2015-12-17 02:27:54'),(21,'company','ali_wangwang','','岳信试验设备','','2015-12-17 02:27:55'),(40,'case','case','西安立明电子与岳信签约成功','<p class=\"MsoNormal\" style=\"margin-left:auto;color:#333333;font-family:微软雅黑, Arial, Tahoma, 微软雅黑, 宋体;font-size:14px;\">\n	&nbsp; &nbsp; &nbsp; &nbsp; &nbsp; &nbsp; &nbsp; &nbsp;<img src=\"http://www.yuexin80.com/uploads/image/20150622/20150622150115_7812.gif\" width=\"197\" height=\"157\" title=\"摆管淋雨试验机图\" alt=\"摆管淋雨试验机图\" />\n</p>\n<p class=\"MsoNormal\" style=\"margin-left:auto;color:#333333;font-family:微软雅黑, Arial, Tahoma, 微软雅黑, 宋体;font-size:14px;\">\n	&nbsp; 西安立明电子科技有限责任公司是一家专业从事LED大功率领域产品研发、制造、销售的高新技术企业，其先后研制成功：&nbsp;<span class=\"apple-converted-space\">&nbsp;</span><br />\n1.LED冷光源安全型矿灯(全球首家研制成功，全国第一家通过GB7957-2003标准检测)。&nbsp;<span class=\"apple-converted-space\">&nbsp;</span><br />\n2.LED铁路信号机（全国第一个通过铁路科学院检测)。&nbsp;<span class=\"apple-converted-space\">&nbsp;</span><br />\n3.隔爆型LED光源巷道灯（全国首家研制成功）。&nbsp;<span class=\"apple-converted-space\">&nbsp;</span><br />\n4.LED防爆灯。&nbsp;<span class=\"apple-converted-space\">&nbsp;</span><br />\n5.LED隧道照明灯（全国首家通过权威部门检测达标的全隧道LED照明节能工程）。&nbsp;<span class=\"apple-converted-space\">&nbsp;</span><br />\n6.LED城市道路照明灯（适用于城市主干道、次干道、支路、庭院、广场、厂区等场所照明）。&nbsp;<span class=\"apple-converted-space\">&nbsp;</span><br />\n7.LED高杆灯。&nbsp;<span class=\"apple-converted-space\">&nbsp;</span><br />\n8.LED太阳能道路照明灯。&nbsp;<span class=\"apple-converted-space\">&nbsp;</span><br />\n9.LED地铁照明灯（适用于地铁站、地下停车场等场所的照明）。&nbsp;<span class=\"apple-converted-space\">&nbsp;</span><br />\n10.LED管灯（适用于工厂车间、会议室、办公室、商场、家庭等场所的照明）。&nbsp;<span class=\"apple-converted-space\">&nbsp;</span><br />\n11.LED灯泡（适用于宾馆走廊、办公场所走廊、洗手间、家庭等场所的照明）。&nbsp;<span class=\"apple-converted-space\">&nbsp;</span><br />\n为了加快LED节能型系列照明产品的快速推广，西安立明电子科技有限责任公司投资在西安市高新技术产业开发区建设LED应用工程产业园区，科研大楼及生产大楼总面积达16000平方米,是我国西北地区规模最大的专业性LED照明灯具生产基地,此园区所有照明均采用LED光源\n</p>','../upload/case/case1446368887.gif','2015-11-01 09:08:10'),(41,'case','case','【深圳西西艾设计】可靠实验-岳信成就','<p class=\"MsoNormal\" style=\"margin-left:auto;color:#333333;font-family:微软雅黑, Arial, Tahoma, 微软雅黑, 宋体;font-size:14px;\">\n	&nbsp;&nbsp;<img src=\"http://www.yuexin80.com/uploads/image/20150615/20150615154754_6274.png\" alt=\"\" />西西艾设计与制造有限公司（简称CCA），是一家专业从事3C数码产品周边配件的制造商，公司自2004年成立，现已发展成为拥有2间下属工厂占地约7000平方米、员工近400人的企业，配有模房、注塑机、高精度CNC数控机床、高速SMT机器、可靠性实验室、全自动电脑测试系统、无响室等众多先进的硬件设施，得益于公司强大的硬件平台使得我们的月产量可达100万之上；<span></span>\n</p>\n<p class=\"MsoNormal\" style=\"margin-left:auto;color:#333333;font-family:微软雅黑, Arial, Tahoma, 微软雅黑, 宋体;font-size:14px;\">\n	&nbsp; &nbsp; &nbsp; &nbsp; &nbsp; &nbsp;&nbsp;\n</p>\n<p class=\"MsoNormal\" style=\"margin-left:auto;color:#333333;font-family:微软雅黑, Arial, Tahoma, 微软雅黑, 宋体;font-size:14px;\">\n	&nbsp; &nbsp; &nbsp; &nbsp; &nbsp; &nbsp; &nbsp; &nbsp; &nbsp;<img src=\"http://www.yuexin80.com/uploads/image/20150615/20150615154959_8650.jpg\" alt=\"\" />\n</p>\n<p class=\"MsoNormal\" style=\"margin-left:auto;color:#333333;font-family:微软雅黑, Arial, Tahoma, 微软雅黑, 宋体;font-size:14px;\">\n	&nbsp;&nbsp;&nbsp;&nbsp;&nbsp;&nbsp;&nbsp; CCA没有设立品牌，自公司成立以来一直服务于客户提供OEM/ODM产品的设计和制造服务，CCA的优势在于拥有自己独立的产品规划团队和工业设计团队，凭借其对市场敏锐的洞察力和对新产品精准的市场定位，为客户不断提供具有前瞻性的新产品设计解决方案，从产品ID概念、设计提案，到产品开发及生产制造等所有环节，全程由PM团队管理协调所有项目进度，确保产品保质保量按时出货；\n</p>\n<p class=\"MsoNormal\" style=\"margin-left:auto;color:#333333;font-family:微软雅黑, Arial, Tahoma, 微软雅黑, 宋体;font-size:14px;\">\n	&nbsp;&nbsp;&nbsp;&nbsp;&nbsp;&nbsp;\n</p>\n<p class=\"MsoNormal\" style=\"margin-left:auto;color:#333333;font-family:微软雅黑, Arial, Tahoma, 微软雅黑, 宋体;font-size:14px;\">\n	&nbsp;&nbsp;&nbsp;&nbsp;&nbsp;&nbsp;&nbsp; 自公司成立以来主要以苹果iPod/iPhone/iPad周边配件为主，产品线包括FM车载、蓝牙车载、USB充电器、移动电源、iPod Dock音响、蓝牙音响和耳机等一系列产品，随着无线充电器市场的兴起，2011年我们新增了无线充电器产品线的研究与开发，并于<span>2012</span>年加入<span>WPC</span>无线充电联盟，专业致力于Qi标准的无线充电器产品设计开发和生产的一体化服务，产品线包括Qi模组、Qi单/双充电板，Qi车架，Qi万用型接收器，<span>Qi</span>卡贴等产品；\n</p>\n<p class=\"MsoNormal\" style=\"margin-left:auto;color:#333333;font-family:微软雅黑, Arial, Tahoma, 微软雅黑, 宋体;font-size:14px;\">\n	&nbsp;\n</p>\n<p class=\"MsoNormal\" style=\"margin-left:auto;color:#333333;font-family:微软雅黑, Arial, Tahoma, 微软雅黑, 宋体;font-size:14px;\">\n	&nbsp;&nbsp;&nbsp;&nbsp;&nbsp;&nbsp;&nbsp;&nbsp; 我们拥有一支50多人的专业研发队伍，其中包含了数名业内资深的工业设计师、电声工程师、高级电子工程师，涵盖了从ID、机构、电子、软件等领域为一体的高素质研发团队；我们的研发项目包括了蓝牙音响、移动电源、AC/DC USB充电器、Qi无线充电器，蓝牙/FM车载，入耳/头戴式耳机、礼品类配件等系列产品；\n</p>\n<p class=\"MsoNormal\" style=\"margin-left:auto;color:#333333;font-family:微软雅黑, Arial, Tahoma, 微软雅黑, 宋体;font-size:14px;\">\n	&nbsp;\n</p>\n<p class=\"MsoNormal\" style=\"margin-left:auto;color:#333333;font-family:微软雅黑, Arial, Tahoma, 微软雅黑, 宋体;font-size:14px;\">\n	&nbsp;&nbsp;&nbsp;&nbsp;&nbsp;&nbsp;&nbsp;&nbsp; 我们还拥有自行设计全智能化的电脑测试仪器，尤其针对蓝牙类产品进行各类技术指标的数据化、图形化监测和质量管控，为快速、高效，准确的测试提供强有力的帮助，可满足客户新产品抢先第一时间上市的需求。\n</p>\n<p class=\"MsoNormal\" style=\"margin-left:auto;color:#333333;font-family:微软雅黑, Arial, Tahoma, 微软雅黑, 宋体;font-size:14px;\">\n	&nbsp;\n</p>\n<p class=\"MsoNormal\" style=\"margin-left:auto;color:#333333;font-family:微软雅黑, Arial, Tahoma, 微软雅黑, 宋体;font-size:14px;\">\n	&nbsp;&nbsp;&nbsp;&nbsp;&nbsp;&nbsp;&nbsp;&nbsp; 工厂已于2009年全面通过ISO9001质量体系认证，四间工厂全部实现ERP系统物料及流程统一化管控，我们还拥有完善的品保管理系统，以品质为导向监管产品开发进度、我们设计制造的产品绝大部分已通过全球认证，并且拥有众多的设计专利，无论是欧盟市场、日本市场、美国市场还是中国市场，CCA都拥有足够的经验和能力服务于客户。<span>&nbsp;&nbsp;&nbsp;&nbsp;&nbsp;&nbsp;&nbsp;&nbsp;&nbsp;&nbsp;&nbsp;&nbsp;&nbsp;&nbsp;&nbsp;&nbsp;&nbsp;&nbsp;&nbsp;&nbsp;&nbsp;&nbsp;&nbsp;&nbsp;&nbsp;&nbsp;&nbsp;&nbsp;&nbsp;&nbsp;</span>\n</p>\n<p class=\"MsoNormal\" style=\"margin-left:auto;color:#333333;font-family:微软雅黑, Arial, Tahoma, 微软雅黑, 宋体;font-size:14px;\">\n	<span>&nbsp;<span><a href=\"http://www.yuexin80.com/\" target=\"_blank\">防水试验机</a>,</span><a href=\"http://www.yuexin80.com/\" target=\"_blank\">摆管淋雨试验机</a><span>,灯具温升防风罩--广州岳信试验设备有限公司(</span>www.yuexin80.com<span>)</span></span>\n</p>','../upload/case/case1446368946.jpg','2015-11-01 09:09:08'),(42,'case','case','（深圳）欧塑灯具与岳信共同出口','<span style=\"color:#333333;font-family:微软雅黑, Arial, Tahoma, 微软雅黑, 宋体;font-size:14px;line-height:24px;\">&nbsp;&nbsp;</span><img src=\"http://www.yuexin80.com/uploads/image/20150601/20150601155025_0188.png\" width=\"120\" height=\"60\" title=\"IP防水试验机图\" alt=\"IP防水试验机图\" /><strong>&nbsp;欧塑五金塑胶制品（深圳）有限公司 &nbsp; &nbsp;&nbsp;</strong><span style=\"color:#333333;font-family:微软雅黑, Arial, Tahoma, 微软雅黑, 宋体;font-size:14px;line-height:24px;\">是一家外商独资企业</span><span style=\"color:#333333;font-family:微软雅黑, Arial, Tahoma, 微软雅黑, 宋体;font-size:14px;line-height:24px;\">,</span><span style=\"color:#333333;font-family:微软雅黑, Arial, Tahoma, 微软雅黑, 宋体;font-size:14px;line-height:24px;\">公司成立于</span><span style=\"color:#333333;font-family:微软雅黑, Arial, Tahoma, 微软雅黑, 宋体;font-size:14px;line-height:24px;\">2006</span><span style=\"color:#333333;font-family:微软雅黑, Arial, Tahoma, 微软雅黑, 宋体;font-size:14px;line-height:24px;\">年，是</span><span style=\"color:#333333;font-family:微软雅黑, Arial, Tahoma, 微软雅黑, 宋体;font-size:14px;line-height:24px;\">IPW</span><span style=\"color:#333333;font-family:微软雅黑, Arial, Tahoma, 微软雅黑, 宋体;font-size:14px;line-height:24px;\">集团下属的子 &nbsp;公司之一，秉承诚信、创新、超越的经营理念，以客户满意为目的，经过几年的开拓和发展，现已发展为专业的工业</span><span style=\"color:#333333;font-family:微软雅黑, Arial, Tahoma, 微软雅黑, 宋体;font-size:14px;line-height:24px;\">OEM</span><span style=\"color:#333333;font-family:微软雅黑, Arial, Tahoma, 微软雅黑, 宋体;font-size:14px;line-height:24px;\">供应商。为满足欧洲客户需求，致力于建设一家高水平的注塑成型和组装工厂，公司从创立当初即聘请具有丰富经验的法国结构工程师、模具工程师和注塑成型工程师与中国技术和管理团队紧密合作，将公司车间打造成为在中国的欧洲工厂。利用深圳的制造优势，整合资源，欧塑公司向客户提供产品结构设计、产品开发及精密注塑、半成品和成品组装服务，</span><span style=\"color:#333333;font-family:微软雅黑, Arial, Tahoma, 微软雅黑, 宋体;font-size:14px;line-height:24px;\">&nbsp;&nbsp;</span><span style=\"color:#333333;font-family:微软雅黑, Arial, Tahoma, 微软雅黑, 宋体;font-size:14px;line-height:24px;\">公司于</span><span style=\"color:#333333;font-family:微软雅黑, Arial, Tahoma, 微软雅黑, 宋体;font-size:14px;line-height:24px;\">2007</span><span style=\"color:#333333;font-family:微软雅黑, Arial, Tahoma, 微软雅黑, 宋体;font-size:14px;line-height:24px;\">年成功导入</span><span style=\"color:#333333;font-family:微软雅黑, Arial, Tahoma, 微软雅黑, 宋体;font-size:14px;line-height:24px;\">ISO9001 &nbsp;:2000</span><span style=\"color:#333333;font-family:微软雅黑, Arial, Tahoma, 微软雅黑, 宋体;font-size:14px;line-height:24px;\">质量管理体系，并将于近日通过</span><span style=\"color:#333333;font-family:微软雅黑, Arial, Tahoma, 微软雅黑, 宋体;font-size:14px;line-height:24px;\">ISO14001</span><span style=\"color:#333333;font-family:微软雅黑, Arial, Tahoma, 微软雅黑, 宋体;font-size:14px;line-height:24px;\">认证。公司位于深圳机场附近，现有员工</span><span style=\"color:#333333;font-family:微软雅黑, Arial, Tahoma, 微软雅黑, 宋体;font-size:14px;line-height:24px;\">200</span><span style=\"color:#333333;font-family:微软雅黑, Arial, Tahoma, 微软雅黑, 宋体;font-size:14px;line-height:24px;\">余人，厂房面积</span><span style=\"color:#333333;font-family:微软雅黑, Arial, Tahoma, 微软雅黑, 宋体;font-size:14px;line-height:24px;\">5600</span><span style=\"color:#333333;font-family:微软雅黑, Arial, Tahoma, 微软雅黑, 宋体;font-size:14px;line-height:24px;\">平方米，</span><span style=\"color:#333333;font-family:微软雅黑, Arial, Tahoma, 微软雅黑, 宋体;font-size:14px;line-height:24px;\">11</span><span style=\"color:#333333;font-family:微软雅黑, Arial, Tahoma, 微软雅黑, 宋体;font-size:14px;line-height:24px;\">台精密注塑成型机，</span><span style=\"color:#333333;font-family:微软雅黑, Arial, Tahoma, 微软雅黑, 宋体;font-size:14px;line-height:24px;\">6</span><span style=\"color:#333333;font-family:微软雅黑, Arial, Tahoma, 微软雅黑, 宋体;font-size:14px;line-height:24px;\">条组装拉线。公司客户包括</span><span style=\"color:#333333;font-family:微软雅黑, Arial, Tahoma, 微软雅黑, 宋体;font-size:14px;line-height:24px;\">ABB</span><span style=\"color:#333333;font-family:微软雅黑, Arial, Tahoma, 微软雅黑, 宋体;font-size:14px;line-height:24px;\">、</span><span style=\"color:#333333;font-family:微软雅黑, Arial, Tahoma, 微软雅黑, 宋体;font-size:14px;line-height:24px;\">IMAJE</span><span style=\"color:#333333;font-family:微软雅黑, Arial, Tahoma, 微软雅黑, 宋体;font-size:14px;line-height:24px;\">、</span><span style=\"color:#333333;font-family:微软雅黑, Arial, Tahoma, 微软雅黑, 宋体;font-size:14px;line-height:24px;\">LEA</span><span style=\"color:#333333;font-family:微软雅黑, Arial, Tahoma, 微软雅黑, 宋体;font-size:14px;line-height:24px;\">、</span><span style=\"color:#333333;font-family:微软雅黑, Arial, Tahoma, 微软雅黑, 宋体;font-size:14px;line-height:24px;\">Georg &nbsp;Jensen</span><span style=\"color:#333333;font-family:微软雅黑, Arial, Tahoma, 微软雅黑, 宋体;font-size:14px;line-height:24px;\">、</span><span style=\"color:#333333;font-family:微软雅黑, Arial, Tahoma, 微软雅黑, 宋体;font-size:14px;line-height:24px;\">Petzl</span><span style=\"color:#333333;font-family:微软雅黑, Arial, Tahoma, 微软雅黑, 宋体;font-size:14px;line-height:24px;\">等世界知名企业。欢迎加入</span><span style=\"color:#333333;font-family:微软雅黑, Arial, Tahoma, 微软雅黑, 宋体;font-size:14px;line-height:24px;\">IPW</span><span style=\"color:#333333;font-family:微软雅黑, Arial, Tahoma, 微软雅黑, 宋体;font-size:14px;line-height:24px;\">大家庭！</span>','../upload/case/case1446369200.png','2015-11-01 09:13:22'),(43,'case','case','Beide (UK) Product Service Limited试验设备岳信','<p class=\"MsoPlainText\" style=\"margin-left:auto;color:#333333;font-family:微软雅黑, Arial, Tahoma, 微软雅黑, 宋体;font-size:14px;\">\n	&nbsp;&nbsp;<img src=\"http://www.yuexin80.com/uploads/image/20150525/20150525160026_1102.png\" alt=\"\" />&nbsp;Beide (UK) Product Service Limited是一家立足英国，面向全球客户开展认证业务的管理与服务机构，资质权威，享有国际声誉。主营范围：Products Certificate Service, Technical consultancy,System Certificate Service（Companieshouse）。<br />\n深圳市贝德技术检测有限公司是Beide (UK) Product Service Limited旗下全资子公司，2006年设立于深圳，负责为中国及亚太周边客户提供包括电子产品、机械产品、化学产品、玩具、建材、农产品、安防产品的检测与认证服务等。<br />\n&nbsp; &nbsp;公司检测实验室是在美国UL、SIEMIC、德国Rheinland等权威认证机构的指导下，按照ISO/IEC 17025标准所建立。设备完善，管理规范，获得了众多国内外知名客户的认可与支持，其中包括中国500强企业比亚迪等业界领袖企业。\n</p>\n<p class=\"MsoPlainText\" style=\"margin-left:auto;color:#333333;font-family:微软雅黑, Arial, Tahoma, 微软雅黑, 宋体;font-size:14px;\">\n	<br />\n</p>\n<p class=\"MsoPlainText\" style=\"margin-left:auto;color:#333333;font-family:微软雅黑, Arial, Tahoma, 微软雅黑, 宋体;font-size:14px;\">\n	<span><span style=\"font-size:16px;\">防水试验机</span></span><span><span style=\"font-size:16px;\">,</span><span style=\"font-size:16px;\">灯具温升防风罩</span><span style=\"font-size:16px;\">--广州岳信试验设备有限公司</span></span><span style=\"font-size:16px;\">&nbsp;</span>（www.yuexin80.com）\n</p>','../upload/case/case1446369264.png','2015-11-01 09:14:27'),(44,'case','case','岳信助攻-凯尔达集团打造科技创新','<p style=\"margin-left:auto;color:#333333;font-family:微软雅黑, Arial, Tahoma, 微软雅黑, 宋体;font-size:14px;\">\n	<strong>&nbsp; 凯尔达集团</strong>专业从事“<strong>凯尔达</strong><strong>”</strong><strong>机器人、</strong>“<strong>凯尔达</strong><strong>”</strong><strong>焊机</strong>、“<strong>凯尔达</strong><strong>”</strong><strong>数控焊割设备</strong>、“<strong>凯尔达</strong><strong>”</strong><strong>环保设备</strong>、“<strong>凯尔达</strong><strong>”</strong><strong>自动焊接设备</strong>以及“<strong>凯尔达</strong><strong>”</strong><span class=\"apple-converted-space\"><b>&nbsp;</b></span><strong>焊接辅机具</strong>的研发生产销售。&nbsp;凯尔达集团下设多家焊割行业产品生产研发基地和销售公司，负责“<strong>凯尔达</strong>”产品的销售及安装维护保养以及技术支持。，集团总部座落在充满朝气与活力的“天堂城市”杭州。钱江潮的磅礴，孕育“凯尔达”高瞻远瞩、果敢抉择的气魄；西湖的风雅，赋予“凯尔达”智慧、追求创新的品质。<br />\n&nbsp;&nbsp;&nbsp;&nbsp;&nbsp;&nbsp;凯尔达集团立足国家战略新兴产业-----高端装备制造和节能环保产业，秉承“科学发展、创新发展、和谐发展、率先发展”理念，从中国制造向中国创造稳步挺进。拥有一支由教授、高工、博士、硕士、行业专家等60多名专业技术人员组成的研发团队。公司自主研发的产品已获得20多项国家专利，多项技术成果获得科技进步奖，多次参加电焊机国家标准的起草，已被认定为“浙江省知识产权优势企业”、国家级高新技术企业“。集团长期与清华大学、哈尔滨工业大学、北京工业大学等知名学府进行深入的产学研合作。其中“哈工大现代焊接技术国家重点实验室---凯尔达焊接机器人联合实验室&nbsp;”已成功推出6自由度关节型弧焊机器人。\n</p>\n<p style=\"margin-left:auto;color:#333333;font-family:微软雅黑, Arial, Tahoma, 微软雅黑, 宋体;font-size:14px;text-indent:20pt;\">\n	凯尔达科技园占地200亩，装备有进口JUKI贴片机、ANTTON回流焊、印制板双波峰自动焊接、进口数控钣金加工、数控切割、数控绕线、全自动涂装、微机控制智能测试等几十条先进的生产线，多项装备为同行业中率先引进。公司运用ERP、PDM、OA、自动化立体仓库等信息化先进管理系统。已通过ISO9001:2008质量管理体系、ISO14001:2004环境管理体系、3C强制认证、欧盟CE等认证。\n</p>\n<p style=\"margin-left:auto;color:#333333;font-family:微软雅黑, Arial, Tahoma, 微软雅黑, 宋体;font-size:14px;text-indent:18pt;\">\n	&nbsp;凯尔达商标为“浙江省著名商标”、“中国驰名商标”，凯尔达产品为“浙江名牌产品”，凯尔达公司连续八年被建设银行评为AAA<span class=\"apple-converted-space\">&nbsp;</span>级信用企业，被省市人民政府评为“重合同、守信用”明星企业。凯尔达产品远销欧洲、美洲、亚洲、非洲的30多个国家和地区。主要产品包括电焊机系列、焊接变位机系列、焊接滚轮架系列、全自动焊接专机系列、数控切割系列、环保装备系列、机器人系列、钢结构焊接生产线系列、船舶焊接生产线系列等100<span class=\"apple-converted-space\">&nbsp;</span>多个系列。广泛应用于航天、航空、船舶、汽车、轨道交通、石油化工、钢结构、建设安装等行业。典型应用包括中国神州七号载人航天、国家体育馆鸟巢、三峡水电枢纽、杭州湾跨海大桥、杭州地标日月同辉等重特大工程；典型客户包括一汽集团、外高桥造船、沪东中华造船集团、广船国际、广州龙穴造船、熔盛重工、金海湾造船等。\n</p>\n<p style=\"margin-left:auto;color:#333333;font-family:微软雅黑, Arial, Tahoma, 微软雅黑, 宋体;font-size:14px;text-indent:18pt;\">\n	&nbsp;<img src=\"http://www.yuexin80.com/uploads/image/20150518/20150518161741_4026.jpg\" alt=\"\" />\n</p>\n<p style=\"margin-left:auto;color:#333333;font-family:微软雅黑, Arial, Tahoma, 微软雅黑, 宋体;font-size:14px;text-indent:20pt;\">\n	<strong>企业精神</strong>：科学发展、和谐发展、创新发展；品牌企业、文化企业、百年企业。\n</p>\n<p style=\"margin-left:auto;color:#333333;font-family:微软雅黑, Arial, Tahoma, 微软雅黑, 宋体;font-size:14px;text-indent:20pt;\">\n	<strong>企业方针</strong>：以人为本、科技取胜。\n</p>\n<p style=\"margin-left:auto;color:#333333;font-family:微软雅黑, Arial, Tahoma, 微软雅黑, 宋体;font-size:14px;text-indent:20pt;\">\n	<strong>工作作风</strong>：敬业、创新、务实、高效。\n</p>\n<p style=\"margin-left:auto;color:#333333;font-family:微软雅黑, Arial, Tahoma, 微软雅黑, 宋体;font-size:14px;text-indent:20pt;\">\n	<strong>经营理念</strong>：以质取胜于顾客，用高品质、高性价比之产品为用户降低生产综合成本，提高竞争力；以诚取信于顾客，用心服务于顾客，解决顾客所遇之焊接难题；\n</p>\n<p style=\"margin-left:auto;color:#333333;font-family:微软雅黑, Arial, Tahoma, 微软雅黑, 宋体;font-size:14px;text-indent:20pt;\">\n	<strong>为顾客创造效益、为员工创造价值、为社会创造财富</strong>。\n</p>','../upload/case/case1446369346.jpg','2015-11-01 09:15:48'),(45,'case','case','【济宁重汽集团】成为岳信伙伴迎来崭新篇章','<p style=\"margin-left:auto;color:#333333;font-family:微软雅黑, Arial, Tahoma, 微软雅黑, 宋体;font-size:14px;\">\n	&nbsp; &nbsp; &nbsp; &nbsp; &nbsp; &nbsp; &nbsp; &nbsp; &nbsp; &nbsp; &nbsp; &nbsp; &nbsp; &nbsp; &nbsp; &nbsp;&nbsp;<img src=\"http://www.yuexin80.com/uploads/image/20150511/20150511161500_6960.png\" alt=\"\" />\n</p>\n<p style=\"margin-left:auto;color:#333333;font-family:微软雅黑, Arial, Tahoma, 微软雅黑, 宋体;font-size:14px;\">\n	&nbsp; &nbsp;中国重汽集团济宁商用车有限公司于2005年初在济宁市国家级高新技术产业开发区成立，是济宁市重点支持发展的大型汽车项目，是济宁市汽车工业的龙头企业，作为中国重汽集团的全资子公司，公司于2010年5月已经被中国重汽香港上市公司收购100%股权，<span style=\"color:#1A1AA6;font-family:monospace;font-size:medium;line-height:normal;\"><strong><a href=\"http://www.yuexin80.com/\" target=\"_blank\"><span style=\"color:#E53333;\">汽车淋雨检测线</span></a></strong></span>企业发展规划、产品设计开发、配套供应体系、市场营销网络、售后服务体系均纳入中国重汽集团的统一规划。\n</p>\n<p style=\"margin-left:auto;color:#333333;font-family:微软雅黑, Arial, Tahoma, 微软雅黑, 宋体;font-size:14px;\">\n	&nbsp; &nbsp; &nbsp; &nbsp; &nbsp; &nbsp; &nbsp; &nbsp; &nbsp;<img src=\"http://www.yuexin80.com/uploads/image/20150511/20150511161526_9621.png\" alt=\"\" />\n</p>\n<p style=\"margin-left:auto;color:#333333;font-family:微软雅黑, Arial, Tahoma, 微软雅黑, 宋体;font-size:14px;\">\n	&nbsp;　　公司主要产品为15吨至55吨的中国重汽 “豪瀚”、“豪运”牌重型、中重型汽车，适用于长途运输、工程建设、矿山生产等国民经济的各个生产领域，在国内外市场上极具竞争实力，拥有广阔的市场潜力和前景。 　　2005年完成投资额为3亿元的项目一期工程，在济宁市各级政府的大力支持和帮助下，经过几年的发展，济宁商用车公司已经形成了年产2万辆重型汽车的产能，在全国建成营销分公司30多个，实现年销售收入30多亿元。为实现“十二五”末五万辆的发展目标，2011年公司投资3亿元建成了具有国际先进水平的奔驰技术驾驶室项目，该项目主要包括车身焊装线和涂装线，同时为进一步提升底盘外观和装配质量，公司投资3千万新上了车架冲孔和车架电泳涂装项目， 2012年初所有新项目已具备小批量生产能力。新项目不仅拓宽了产品线、提高了产品质量，更为公司的大发展奠定了新的起点，相信在2012年济宁商用车公司的发展必将迎来一个崭新的篇章。\n</p>','../upload/case/case1446369380.png','2015-11-01 09:16:22'),(46,'case','case','中建科技集团选择- 岳信','<p class=\"MsoNormal\" style=\"margin-left:auto;color:#333333;font-family:微软雅黑, Arial, Tahoma, 微软雅黑, 宋体;font-size:14px;\">\n	&nbsp; &nbsp; &nbsp; &nbsp; &nbsp; &nbsp; &nbsp; &nbsp; &nbsp; &nbsp;<img src=\"http://www.yuexin80.com/uploads/image/20150504/20150504161056_8940.png\" alt=\"\" />\n</p>\n<p class=\"MsoNormal\" style=\"margin-left:auto;color:#333333;font-family:微软雅黑, Arial, Tahoma, 微软雅黑, 宋体;font-size:14px;\">\n	&nbsp;&nbsp;<span>&nbsp; 中建科技集团为香港中建电讯集团</span><span>(</span><span>香港证券交易所上市公司</span><span>)</span><span>于国内投资的独资企业，集团目前为世界上最大的室内无绳电话生产制造商之一。公司早于</span><span>1984</span><span>年在中国大陆开设第一家制造厂，目前拥有</span><span>8000</span><span>多名员工。</span>\n</p>\n<p class=\"MsoNormal\" style=\"margin-left:auto;color:#333333;font-family:微软雅黑, Arial, Tahoma, 微软雅黑, 宋体;font-size:14px;\">\n	<span>&nbsp;</span>\n</p>\n<p class=\"MsoNormal\" style=\"margin-left:auto;color:#333333;font-family:微软雅黑, Arial, Tahoma, 微软雅黑, 宋体;font-size:14px;\">\n	<span>中建科技集团位于广东省惠州市惠阳区三和经济开发区内。占地面积二十六万平方米。厂房面积五万一千平方米。主要产品有</span><span>:</span><span>有绳及无绳电话、移动电话、对讲机、电话配件等等</span><span>,</span><span>产品全部外销。</span>\n</p>\n<p class=\"MsoNormal\" style=\"margin-left:auto;color:#333333;font-family:微软雅黑, Arial, Tahoma, 微软雅黑, 宋体;font-size:14px;\">\n	<span>公司提供食宿，并为高级职员提供每房一人的住宿条件，所有单位中均配有冷热水淋浴器、冷气、电视等设备；一般员工住宿标准为每间</span><span>10</span><span>人。<span style=\"color:#E53333;font-family:monospace;font-size:medium;line-height:normal;\"><strong><a href=\"http://www.yuexin80.com/\" target=\"_blank\"><span style=\"color:#E53333;\">摆管淋雨试验机</span></a></strong></span>厂内环境优美，并为职员工提供了一个舒适的休息环境及娱乐场所，有篮球场、羽毛球场、乒乓球室、桌球室、健身房、歌舞厅、卡拉</span><span>OK</span><span>房、投影厅、棋类活动室、图书室、阅览室等，同时厂内设有医疗中心、邮电所、超级市场、电话亭。</span>\n</p>\n<p class=\"MsoNormal\" style=\"margin-left:auto;color:#333333;font-family:微软雅黑, Arial, Tahoma, 微软雅黑, 宋体;font-size:14px;\">\n	<span><strong><span style=\"color:#E53333;\">防水试验机</span></strong></span><span><strong><span style=\"color:#E53333;\">,</span></strong><strong><span style=\"color:#E53333;\">灯具温升防风罩</span></strong>--广州岳信试验设备有限公司</span>\n</p>\n<p class=\"MsoNormal\" style=\"margin-left:auto;color:#333333;font-family:微软雅黑, Arial, Tahoma, 微软雅黑, 宋体;font-size:14px;\">\n	读过这篇文章的人还看过<a href=\"http://www.yuexin80.com/news/85.html\" target=\"\"><span style=\"color:#337FE5;\"><u>热烈庆祝香港中建电讯集团与岳信合作</u></span></a>\n</p>','../upload/case/case1446369408.png','2015-11-01 09:16:50'),(47,'case','case','湖南硅峰-电动环卫清扫车 岳信护航','<p class=\"MsoNormal\" style=\"margin-left:auto;color:#333333;font-family:微软雅黑, Arial, Tahoma, 微软雅黑, 宋体;font-size:14px;\">\n	&nbsp; &nbsp; &nbsp; &nbsp; &nbsp; &nbsp; &nbsp; &nbsp; &nbsp; &nbsp; &nbsp; &nbsp; &nbsp; &nbsp;&nbsp;<img src=\"http://www.yuexin80.com/uploads/image/20150427/20150427160445_8708.png\" alt=\"\" />\n</p>\n<p class=\"MsoNormal\" style=\"margin-left:auto;color:#333333;font-family:微软雅黑, Arial, Tahoma, 微软雅黑, 宋体;font-size:14px;\">\n	湖南硅峰电动车辆制造有限公司是电动环卫清扫车、垃圾转运车、电动高压清洗车、观光车、巡逻车、电动三轮保洁车、勾臂转运车、桶装清运车、吊桶电动清运车、高尔夫球车、驾驶式电动清扫机、电动快递三轮车、手推式吸干洗地机、手推式清扫机、电动邮政车等产品专业生产加工的公司，拥有完整、科学的质量管理体系。<strong><a href=\"http://www.yuexin80.com/\" target=\"_blank\"><span style=\"color:#E53333;\">IP防水试验机</span></a></strong>,湖南硅峰电动车辆制造有限公司的诚信、实力和产品质量获得业界的认可。欢迎各界朋友莅临参观、指导和业务洽谈。\n</p>\n<p class=\"MsoNormal\" style=\"margin-left:auto;color:#333333;font-family:微软雅黑, Arial, Tahoma, 微软雅黑, 宋体;font-size:14px;\">\n	<br />\n</p>\n<p class=\"MsoNormal\" style=\"margin-left:auto;color:#333333;font-family:微软雅黑, Arial, Tahoma, 微软雅黑, 宋体;font-size:14px;\">\n	<span><strong><span style=\"color:#E53333;\">防水试验机</span></strong><strong><span style=\"color:#E53333;\">,</span></strong></span><strong><span style=\"color:#E53333;\"><a href=\"http://www.yuexin80.com/\" target=\"_blank\">摆管淋雨试验机</a></span></strong><span><strong><span style=\"color:#E53333;\">,</span></strong><strong><span style=\"color:#E53333;\">灯具温升防风罩</span></strong>--广州岳信试验设备有限公司</span>\n</p>','../upload/case/case1446369510.png','2015-11-01 09:19:05'),(48,'case','case','热烈庆祝香港中建电讯集团与岳信合作','<p class=\"MsoNormal\" style=\"margin-left:auto;color:#333333;font-family:微软雅黑, Arial, Tahoma, 微软雅黑, 宋体;font-size:14px;\">\n	&nbsp; &nbsp; &nbsp; &nbsp;&nbsp;<img src=\"http://www.yuexin80.com/uploads/image/20150413/20150413165149_2344.png\" alt=\"\" />\n</p>\n<p class=\"MsoNormal\" style=\"margin-left:auto;color:#333333;font-family:微软雅黑, Arial, Tahoma, 微软雅黑, 宋体;font-size:14px;\">\n	中建科技集团为香港中建电讯集团<span>(</span>香港证券交易所上市公司<span>)</span>于国内投资的独资企业，集团目前为世界上最大的室内无绳电话生产制造商之一。公司早于<span>1984</span>年在中国大陆开设第一家制造厂，目前拥有<span>8000</span>多名员工。\n</p>\n<p class=\"MsoNormal\" style=\"margin-left:auto;color:#333333;font-family:微软雅黑, Arial, Tahoma, 微软雅黑, 宋体;font-size:14px;\">\n	<span>&nbsp;</span>\n</p>\n<p class=\"MsoNormal\" style=\"margin-left:auto;color:#333333;font-family:微软雅黑, Arial, Tahoma, 微软雅黑, 宋体;font-size:14px;\">\n	中建科技集团位于广东省惠州市惠阳区三和经济开发区内。占地面积二十六万平方米。厂房面积五万一千平方米。主要产品有<span>:</span>有绳及无绳电话、移动电话、对讲机、电话配件等等<span>,</span>产品全部外销。\n</p>\n<p class=\"MsoNormal\" style=\"margin-left:auto;color:#333333;font-family:微软雅黑, Arial, Tahoma, 微软雅黑, 宋体;font-size:14px;\">\n	公司提供食宿，并为高级职员提供每房一人的住宿条件，所有单位中均配有冷热水淋浴器、冷气、电视等设备；一般员工住宿标准为每间<span>10</span>人。厂内环境优美，并为职员工提供了一个舒适的休息环境及娱乐场所，有篮球场、羽毛球场、乒乓球室、桌球室、健身房、歌舞厅、卡拉<span>OK</span>房、投影厅、棋类活动室、图书室、阅览室等，同时厂内设有医疗中心、邮电所、超级市场、电话亭。\n</p>','../upload/case/case1446369600.png','2015-11-01 09:20:02'),(49,'case','case','岳信为桂林客车保驾护航','<p style=\"margin-left:auto;color:#333333;font-family:微软雅黑, Arial, Tahoma, 微软雅黑, 宋体;font-size:14px;\">\n	桂林客车发展有限责任公司是由柳州五菱汽车有限责任公司控股的独立法人企业。\n</p>\n<p style=\"margin-left:auto;color:#333333;font-family:微软雅黑, Arial, Tahoma, 微软雅黑, 宋体;font-size:14px;\">\n	<br />\n</p>\n<p style=\"margin-left:auto;color:#333333;font-family:微软雅黑, Arial, Tahoma, 微软雅黑, 宋体;font-size:14px;\">\n	&nbsp; &nbsp; &nbsp;&nbsp;<img src=\"http://www.yuexin80.com/uploads/image/20150407/20150407154200_8888.png\" alt=\"\" />\n</p>\n<p style=\"margin-left:auto;color:#333333;font-family:微软雅黑, Arial, Tahoma, 微软雅黑, 宋体;font-size:14px;\">\n	&nbsp; &nbsp; 目前公司已形成以幼儿校车、小学生校车为主，小型公交车、观光车、警务车等多种车型结合的规模化生产，产品已畅销广西、广东、浙江、福建、河南、河北、江苏、湖南、湖北、四川、云南、贵州、海南、新疆等地。\n</p>\n<span style=\"color:#333333;font-family:微软雅黑, Arial, Tahoma, 微软雅黑, 宋体;font-size:14px;line-height:24px;\">2009年11月公司在桂林苏桥工业园投资建设年产2.5万</span><span style=\"color:#333333;font-family:微软雅黑, Arial, Tahoma, 微软雅黑, 宋体;line-height:24px;font-size:16px;\">辆中型客车项目。项目计划总投资2.5亿元，占地248亩，建设具有车身焊接、整车阴极电泳、底盘装配、整车装配流水线及自动化检测线的现代化厂房设备，工艺制造装备水平在国内客车行业处于领先地位。其中一期投资2.1亿元，投产后可形成年产1.2万辆中型客车生产规模。该项目将大大提升公司在客车细分市场上的竞争力，为跻身于国内一流客车制造企业奠定基础。</span><br />\n<span style=\"color:#333333;font-family:微软雅黑, Arial, Tahoma, 微软雅黑, 宋体;line-height:24px;font-size:16px;\">桂林客车发展有限责任公司将秉承五菱集团“造人、造车、造企业”的企业宗旨，通过引进精益生产管理模式，不断提升企业的核心竞争力，力求为广大客户提供优质的产品和优良的服务，把公司建设成为持续发展、社会信赖、具有强大竞争力的</span><span style=\"color:#333333;font-family:微软雅黑, Arial, Tahoma, 微软雅黑, 宋体;line-height:24px;font-size:16px;\">现代化企业。</span><br />\n<br />\n<span style=\"color:#333333;font-family:微软雅黑, Arial, Tahoma, 微软雅黑, 宋体;line-height:24px;font-size:16px;\">-</span><span style=\"color:#333333;font-family:微软雅黑, Arial, Tahoma, 微软雅黑, 宋体;font-size:14px;line-height:24px;\"><a href=\"http://www.yuexin80.com/\" target=\"_blank\"><strong><span style=\"font-size:16px;\">防水试验机</span></strong></a><strong><span style=\"font-size:16px;\">,</span></strong></span><strong><span style=\"font-size:16px;\">摆</span></strong><strong><span style=\"font-size:16px;\">管淋雨试验机</span></strong><span style=\"color:#333333;font-family:微软雅黑, Arial, Tahoma, 微软雅黑, 宋体;font-size:14px;line-height:24px;\"><strong><span style=\"font-size:16px;\">,</span></strong><strong><span style=\"font-size:16px;\">灯具温升防风罩</span></strong></span><span style=\"color:#333333;font-family:微软雅黑, Arial, Tahoma, 微软雅黑, 宋体;font-size:14px;line-height:24px;\"><span style=\"font-size:16px;\">-广州岳信试验设备有限公司</span></span><span style=\"color:#333333;font-family:微软雅黑, Arial, Tahoma, 微软雅黑, 宋体;line-height:24px;font-size:16px;\"></span><span style=\"color:#333333;font-family:微软雅黑, Arial, Tahoma, 微软雅黑, 宋体;line-height:24px;font-size:16px;\">&nbsp; &nbsp;</span><br />\n<span style=\"color:#333333;font-family:微软雅黑, Arial, Tahoma, 微软雅黑, 宋体;font-size:14px;line-height:24px;\">&nbsp;</span>','../upload/case/case1446369648.png','2015-11-01 09:20:50'),(50,'case','case','广州广电计量检测合作成功','<p class=\"MsoNormal\" style=\"margin-left:auto;color:#333333;font-family:微软雅黑, Arial, Tahoma, 微软雅黑, 宋体;font-size:14px;\">\n	<span class=\"apple-converted-space\"><img src=\"http://www.yuexin80.com/uploads/image/20150330/20150330141230_3148.png\" width=\"133\" height=\"66\" title=\"公司logo\" alt=\"公司logo\" />&nbsp;</span>\n</p>\n<p class=\"MsoNormal\" style=\"margin-left:auto;color:#333333;font-family:微软雅黑, Arial, Tahoma, 微软雅黑, 宋体;font-size:14px;\">\n	广州广电计量检测股份有限公司（GRGT）定位行业高端，引领行业先锋，历经近50年的发展，目前成为一家技术精湛、服务精心、管理精细的国内一流的计量检测专业机构。<br />\n<br />\n&nbsp;&nbsp;&nbsp; GRGT是原国家信息产业部电子602计量测试站，通过国家实验室（CNAS）认可，并通过中国计量认证（CMA），是中国CB实验室，建立企业计量最高标准80多项，通过CNAS认可项目699项。同时，获得众多国际著名机构和组织的能力认可和授权，还是国家火炬计划重点高新技术企业、国家中小企业公共服务示范平台、广东省中小企业公共（技术）服务示范平台、广东省服务业百强企业，拥有国家级企业技术中心、广东省重点工程技术研究开发中心、广州市企业技术中心、广州市运输包装检测重点实验室、国家质检总局职业技能鉴定实训基地。<br />\n&nbsp;<br />\n&nbsp;&nbsp;&nbsp; GRGT为各个行业提供仪器计量校准、产品环境与可靠性测试、电磁兼容检测、产品安全检测、化学分析、环境监测、食品检测、产品认证、高端仪器设备维修、国家职业资格技能鉴定等一站式服务。<br />\n<br />\n&nbsp;&nbsp;&nbsp; GRGT总部位于广州，已在广州、深圳、珠海、东莞、中山、海南、北京、天津、大连、青岛、西安、郑州、济南、上海、无锡、苏州、宁波、杭州、南京、厦门、福州、重庆、长沙、武汉、成都、合肥、南昌等城市建有三十多个分公司、服务工作站和合作实验室，并在广州、天津、长沙、无锡、郑州建有5个综合型实验室基地，构成了全国性技术服务保障和营销服务网络，为各类企业提供便捷服务。<br />\n<br />\n&nbsp;&nbsp;&nbsp; 在当今以品质决胜市场的时代，GRGT将秉承高端的战略定位，不断完善实验室能力并拓展服务网络，持续改进、不断超越，致力成为计量检测领域最优秀的公正机构，为各类企业和科研机构的产品质量安全提供保障，为客户产品进入市场、参与全球竞争保驾护航。\n</p>\n<div style=\"margin:0px;padding:0px;color:#333333;font-family:微软雅黑, Arial, Tahoma, 微软雅黑, 宋体;font-size:14px;\">\n	上一条：<a href=\"http://www.yuexin80.com/news/84.html\">岳信为桂林客车保驾护航</a>\n</div>','../upload/case/case1446369680.png','2015-11-01 09:21:22'),(51,'case','case','唐山曹妃甸工大海宇光电科技股份有限公司','</div>','../upload/case/case1446369707.png','2015-11-01 09:22:31'),(52,'case','case','摆管淋雨试验机是如何工作的 需要注意什么','<p style=\"margin-left:auto;color:#333333;font-family:微软雅黑, Arial, Tahoma, 微软雅黑, 宋体;font-size:14px;\">\n	&nbsp; &nbsp; &nbsp;&nbsp;<a href=\"http://www.yuexin80.com/\" target=\"_blank\">摆管淋雨试验机</a>的整个结构是由摆管传动、摆管支架、电气控制、工作旋转台四个部分组成的，其中回转台防护罩、支架、控制台三个部件采用SUS304不锈钢发纹钢板制作而成。<br />\n&nbsp;&nbsp;&nbsp;&nbsp;&nbsp;&nbsp;<a href=\"http://www.yuexin80.com/\" target=\"_blank\">摆管淋雨试验机</a>的工作原理是怎么样的呢？\n</p>\n<p style=\"margin-left:auto;color:#333333;font-family:微软雅黑, Arial, Tahoma, 微软雅黑, 宋体;font-size:14px;\">\n	先看看摆管摆动：通过步进电机、PLC（进口件）驱动减速器、通过可编程逻辑控制器设定自动完成；\n</p>\n<p style=\"margin-left:auto;color:#333333;font-family:微软雅黑, Arial, Tahoma, 微软雅黑, 宋体;font-size:14px;\">\n	再看看工作台旋转：电机带动涡轮减速旋转，从而达到工作台旋转速度；\n</p>\n<p style=\"margin-left:auto;color:#333333;font-family:微软雅黑, Arial, Tahoma, 微软雅黑, 宋体;font-size:14px;\">\n	还有喷嘴的工作：根据试件的大小，决定摆管的弯曲半径。喷嘴为可拆式专用喷嘴，喷孔可根据标准要求的孔径随时更换，以使射出的水滴均匀，流量充足；\n</p>\n<p style=\"margin-left:auto;color:#333333;font-family:微软雅黑, Arial, Tahoma, 微软雅黑, 宋体;font-size:14px;\">\n	最后试验水循环：储水箱连接水源自动补助试验水，水经加压泵传输经分流装置、流量计、压力表至摆管喷嘴。\n</p>\n<p style=\"margin-left:auto;color:#333333;font-family:微软雅黑, Arial, Tahoma, 微软雅黑, 宋体;font-size:14px;\">\n	&nbsp;&nbsp;&nbsp;&nbsp;&nbsp; 知道了<a href=\"http://www.yuexin80.com/\" target=\"_blank\">摆管淋雨试验机</a>是如何工作的，我们还要掌握使用时需注意的事项：<br />\n1、在运行中淋雨试验箱如听到意外声响，需停机检查，待查出故障解决后才可重新开机，以免影响设备使用寿命。<br />\n2、传动机构必须定期加油，减速机必须加清洁的20#机油。<br />\n3、设备定位后，需把支承架撑起，防止设备试验时脚轮受到震动后移位。<br />\n4、淋雨试验箱通过较长时间的运行，如发现喷水孔堵塞，必须拆下管路，用自来水冲洗后再装配上去。<br />\n大家在使用<a href=\"http://www.yuexin80.com/\" target=\"_blank\">摆管淋雨试验机</a>时务必遵守以上操作，让您的试验机可以顺利的进行运转。\n</p>\n<a href=\"http://www.yuexin80.com/\" target=\"_blank\">IP防水试验机</a><span style=\"color:#333333;font-family:微软雅黑, Arial, Tahoma, 微软雅黑, 宋体;font-size:14px;line-height:24px;\">,</span><a href=\"http://www.yuexin80.com/\" target=\"_blank\">摆管淋雨试验机</a><span style=\"color:#333333;font-family:微软雅黑, Arial, Tahoma, 微软雅黑, 宋体;font-size:14px;line-height:24px;\">和</span><a href=\"http://www.yuexin80.com/\" target=\"_blank\">汽车淋雨检测线</a><span style=\"color:#333333;font-family:微软雅黑, Arial, Tahoma, 微软雅黑, 宋体;font-size:14px;line-height:24px;\">--广州岳信试验设备有限公司(</span><a href=\"http://www.yuexin80.com/\">www.yuexin80.com</a><span style=\"color:#333333;font-family:微软雅黑, Arial, Tahoma, 微软雅黑, 宋体;font-size:14px;line-height:24px;\">)</span>','','2015-11-01 09:22:53'),(53,'case','case','工大海宇光电','<p class=\"MsoNormal\" style=\"margin-left:auto;color:#333333;font-family:微软雅黑, Arial, Tahoma, 微软雅黑, 宋体;font-size:14px;text-align:center;\">\n	<img src=\"http://www.yuexin80.com/uploads/image/20140415/20140415155456_5467.jpg\" alt=\"\" /> \n</p>\n<p class=\"MsoNormal\" style=\"margin-left:auto;color:#333333;font-family:微软雅黑, Arial, Tahoma, 微软雅黑, 宋体;font-size:14px;\">\n	<span style=\"font-family:NSimSun;color:#000000;\">&nbsp; &nbsp; 公司名称：唐山曹妃甸工大海宇光电科技股份有限公司</span> \n</p>\n<p class=\"MsoNormal\" style=\"margin-left:auto;color:#333333;font-family:微软雅黑, Arial, Tahoma, 微软雅黑, 宋体;font-size:14px;\">\n	<span style=\"font-family:NSimSun;color:#000000;\">&nbsp; &nbsp; 公司简介：唐山曹妃甸工大海宇光电科技股份有限公司，是由天津工业大学、唐山曹妃甸工业区基础设施投资集团公司、唐山曹妃甸国际生态城投资有限公司等单位共同发起成立的一家高新技术企业。公司位于唐山曹妃甸工业区高新技术园区，注册资金2000万元人民币，拥有标准化厂房面积10000m2。</span><br />\n<span style=\"font-family:NSimSun;color:#000000;\">&nbsp; &nbsp; 公司以生产、销售LED大功率半导体室内外照明系列产品为主要经营业务，以推广和倡导新型节能技术和节能理念为己任。</span><br />\n<span style=\"font-family:NSimSun;color:#000000;\">公司以天津工业大学教育部半导体照明工程研发中心为技术依托，在公司设有“唐山市半导体照明工程技术中心”，在天津、北京设有研发中心，集聚了业内多名国家级顶尖专家和专才。</span><br />\n<span style=\"font-family:NSimSun;color:#000000;\">&nbsp; &nbsp;&nbsp;公司坚持以科技领先、注重服务的理念，努力发挥企业的产、学、研优势，注重持续提高产品质量，不断追求创新，努力满足用户需求。</span><br />\n<span style=\"font-family:NSimSun;color:#000000;\">&nbsp; &nbsp;&nbsp;公司业务</span><span style=\"color:#000000;\">：</span><span style=\"font-family:NSimSun;color:#000000;\">公司生产和经营范围涵盖了多领域、多用途的LED照明系列产品和工程服务。公司生产的主要产品包括：LED路灯、庭院灯、草坪灯、投光灯、工矿灯、筒灯、灯管、灯泡，经营的主要业务包括：室内外照明综合工程、LED大屏幕显示工程、智能控制照明系统工程、景观照明系统工程、区域照明规划设计等。公司产品可广泛应用于室内外道路照明、桥梁照明、景观照明、办公照明、商业照明、交通指示、多媒体显示等场所。公司采用一流的产品设计理念和先进的生产组织管理体系，努力打造具备完整产业链和可持续发展研发平台的LED综合型企业。</span><br />\n<span style=\"font-family:NSimSun;color:#000000;\">&nbsp; &nbsp; 生产能力</span><span style=\"color:#000000;\">，</span><span style=\"font-family:NSimSun;color:#000000;\">公司在唐山曹妃甸工业园高新技术园区设有生产基地，拥有标准厂房面积10000m2 ，引进先进的流水生产线，年生产能力可达LED路灯10万盏灯、LED室内照明灯具50万盏、LED汽车前照灯10万套。</span><br />\n<span style=\"font-family:NSimSun;color:#000000;\">&nbsp; &nbsp; 产品技术</span><span style=\"color:#000000;\">，</span><span style=\"font-family:NSimSun;color:#000000;\">公司科研力量雄厚，作为股东单位之一 的天津工业大学拥有教育部和天津市级的大功率半导体照明研发中心，中心在人才聚焦的北京和天津地区设立了研发分部。2010年9月，以本公司为依托的“唐山市半导体照明工程技术中心”，也已经挂牌成立。</span><br />\n<span style=\"font-family:NSimSun;color:#000000;\">&nbsp; &nbsp; 研发中心现已发展成为颇具创新特色的研究机构，目前拥有各类专家和人才78人，其中，中青年骨干占总人数的80%以上，这支人才队伍是一支科研能力强，水平高，年龄、职称、学历和知识结构合理的创新型产、学、研团队，能实现成果的快速高质量的产业化。</span><br />\n<span style=\"font-family:NSimSun;color:#000000;\">&nbsp; &nbsp; 公司通过ISO9001质量管理体系认证，公司产品目前已申请的专利39项，其中国家发明专利15项；同时在国内外期刊及会议上发表高水平论文124篇。</span><br />\n<span style=\"font-family:NSimSun;color:#000000;\">管理团队</span><span style=\"color:#000000;\">，</span><span style=\"font-family:NSimSun;color:#000000;\">公司董事长兼总经理牛萍娟博士，系全国劳动模范、天津工业大学信息学院副院长、教授，教育部半导体照明工程研发中心主任，天津工大海宇半导体照明有限公司董事长兼总经理，天津市半导体照明工程研发及产业联盟秘书长，中国LED汽车前照大灯强制国家标准起草小组成员。主持及参加包括国家863计划等重大科研项目15项，发表学术论文62篇，其中被国际三大索引收录31篇；申请专利38项，其中发明专利8项。</span> \n</p>','../upload/case/case1446371332.jpg','2015-11-01 09:48:55'),(54,'news','news','不得不了解的淋雨试验机的安装注意5事项','<span style=\"color:#333333;font-family:微软雅黑, Arial, Tahoma, 微软雅黑, 宋体;line-height:24px;font-size:16px;\">防水淋雨试验机电气安装的注意事项具体如下：</span><br />\n<span style=\"color:#333333;font-family:微软雅黑, Arial, Tahoma, 微软雅黑, 宋体;line-height:24px;font-size:16px;\">&nbsp; &nbsp; &nbsp; &nbsp;1、要满足防水<strong>淋雨试验机</strong>的电压要求后再按进线电源配线的方法配电；</span><br />\n<span style=\"color:#333333;font-family:微软雅黑, Arial, Tahoma, 微软雅黑, 宋体;line-height:24px;font-size:16px;\">&nbsp; &nbsp; &nbsp; &nbsp;2、淋雨试验机的电线线径为：4mm，电缆线长度一般为3米以内；</span><br />\n<p style=\"margin-left:auto;color:#333333;font-family:微软雅黑, Arial, Tahoma, 微软雅黑, 宋体;font-size:14px;\">\n	<span style=\"font-size:16px;\">&nbsp; &nbsp; &nbsp; &nbsp;3、淋雨试验机的电源电压变动容许范围为±10%；</span>\n</p>\n<p style=\"margin-left:auto;color:#333333;font-family:微软雅黑, Arial, Tahoma, 微软雅黑, 宋体;font-size:14px;\">\n	<span style=\"font-size:16px;\"><img src=\"http://www.yuexin80.com/uploads/image/20150930/20150930110301_0937.jpg\" width=\"400\" height=\"772\" title=\"淋雨试验机\" alt=\"淋雨试验机\" /><br />\n</span>\n</p>\n<span style=\"color:#333333;font-family:微软雅黑, Arial, Tahoma, 微软雅黑, 宋体;line-height:24px;font-size:16px;\">&nbsp; &nbsp; &nbsp; &nbsp;4、除了连接本机电源以外，请不要再接其它相关电源，防止因为多出来的电源增加的负载造成设备负荷太高，烧毁机器；</span><br />\n<span style=\"color:#333333;font-family:微软雅黑, Arial, Tahoma, 微软雅黑, 宋体;line-height:24px;font-size:16px;\">&nbsp; &nbsp; &nbsp; &nbsp;5、仔细检查防水<a href=\"http://www.yuexin80.com/\" target=\"_blank\">淋雨试验机</a>的配线或配管是否完好，如有损伤，请及时更换或维修。</span>','','2015-11-01 09:25:23'),(55,'news','news','箱式摆管淋雨试验机的标准','<p style=\"margin-left:auto;color:#333333;font-family:微软雅黑, Arial, Tahoma, 微软雅黑, 宋体;font-size:14px;\">\n	<span style=\"font-size:16px;\">&nbsp; &nbsp; &nbsp;箱式<a href=\"http://www.yuexin80.com/\" target=\"_blank\">摆管淋雨试验机</a>的标准，需要认真理解：</span>\n</p>\n<p style=\"margin-left:auto;color:#333333;font-family:微软雅黑, Arial, Tahoma, 微软雅黑, 宋体;font-size:14px;\">\n	<span style=\"font-size:16px;\">&nbsp; &nbsp; &nbsp;&nbsp;一、用流量计调节压力大小。采用进口变频器控制转速有效保证试验按标准运行。配备水过滤器。</span><br />\n<img src=\"http://www.yuexin80.com/uploads/image/20150921/20150921110643_7031.jpg\" width=\"400\" height=\"721\" title=\"摆管淋雨试验机\" alt=\"摆管淋雨试验机\" /><br />\n<span style=\"font-size:16px;\">&nbsp; &nbsp; &nbsp;&nbsp;二、符合标准：GB１０４８５-８９　GB４２０８-９３　　ＧＢ/T４９４２</span>\n</p>\n<p style=\"margin-left:auto;color:#333333;font-family:微软雅黑, Arial, Tahoma, 微软雅黑, 宋体;font-size:14px;\">\n	<span style=\"font-size:16px;\">&nbsp; &nbsp; &nbsp; &nbsp;三、导向立柱采用优质槽钢焊接外面采用不锈钢拉丝板拼接而成。</span>\n</p>\n<p style=\"margin-left:auto;color:#333333;font-family:微软雅黑, Arial, Tahoma, 微软雅黑, 宋体;font-size:14px;\">\n	<span style=\"font-size:16px;\">&nbsp; &nbsp; &nbsp;&nbsp;四、可控制系统&nbsp;</span>\n</p>\n<p style=\"margin-left:auto;color:#333333;font-family:微软雅黑, Arial, Tahoma, 微软雅黑, 宋体;font-size:14px;\">\n	<span style=\"font-size:16px;\">&nbsp; &nbsp; &nbsp;&nbsp;这些都是<strong>摆管淋雨试验机</strong>的一部分全能信息。</span>\n</p>\n<br />','','2015-11-01 09:25:38'),(56,'news','news','什么是摆管淋雨试验装置5个技术参数','<span style=\"color:#333333;font-family:微软雅黑, Arial, Tahoma, 微软雅黑, 宋体;line-height:24px;font-size:18px;\">&nbsp;&nbsp; &nbsp;<a href=\"http://www.yuexin80.com/ipx3ipx4bglysyzz/\" target=\"_blank\">摆管淋雨试验装置</a>5个技术参数如下，我们来分析一下：</span><br />\n<span style=\"color:#333333;font-family:微软雅黑, Arial, Tahoma, 微软雅黑, 宋体;line-height:24px;font-size:18px;\">&nbsp; &nbsp; &nbsp;1、喷淋用水：洁净的软质自来水</span><br />\n<p style=\"margin-left:auto;color:#333333;font-family:微软雅黑, Arial, Tahoma, 微软雅黑, 宋体;font-size:14px;\">\n	<span style=\"font-size:18px;\">&nbsp; &nbsp; &nbsp;2、电源要求：AC380（±10%）V/50HZ &nbsp;三相五线制.</span>\n</p>\n<p style=\"margin-left:auto;color:#333333;font-family:微软雅黑, Arial, Tahoma, 微软雅黑, 宋体;font-size:14px;\">\n	<span style=\"font-size:18px;\"><img src=\"http://www.yuexin80.com/uploads/image/20150916/20150916160644_0937.jpg\" width=\"500\" height=\"994\" title=\"摆管淋雨试验装置\" alt=\"摆管淋雨试验装置\" /><br />\n</span>\n</p>\n<p style=\"margin-left:auto;color:#333333;font-family:微软雅黑, Arial, Tahoma, 微软雅黑, 宋体;font-size:14px;\">\n	<span style=\"font-size:18px;\">&nbsp; &nbsp; &nbsp; 3、水流量: 10±5%/min（可调节）</span><br />\n<span style=\"font-size:18px;\">&nbsp; &nbsp; &nbsp; 4、试验台尺寸：?600mm</span><br />\n<span style=\"font-size:18px;\">&nbsp; &nbsp; &nbsp;&nbsp;5、试验台转速：1r/min</span><span style=\"font-size:18px;\"></span>\n</p>\n<p style=\"margin-left:auto;color:#333333;font-family:微软雅黑, Arial, Tahoma, 微软雅黑, 宋体;font-size:14px;\">\n	<span style=\"font-size:18px;\">&nbsp; &nbsp; &nbsp;<strong>摆管淋雨试验装置</strong>5个技术参数如上，是一部分的技术参数而已，其它可以在页面中进行搜索。</span>\n</p>','','2015-11-01 09:26:08'),(57,'news','news','摆管淋雨试验机你的车身好帮手','<p style=\"margin-left:auto;color:#333333;font-family:微软雅黑, Arial, Tahoma, 微软雅黑, 宋体;font-size:14px;\">\n	<span style=\"font-size:18px;\">&nbsp; &nbsp; &nbsp;广州的<a href=\"http://www.yuexin80.com/\" target=\"_blank\">摆管淋雨试验机</a>是行业的好帮手，在车身方面有着不一样的体验，如下进行试验：</span>\n</p>\n<span style=\"color:#333333;font-family:微软雅黑, Arial, Tahoma, 微软雅黑, 宋体;line-height:24px;font-size:18px;\">&nbsp; &nbsp; &nbsp; 可以很大程度上进行宣传和侧重。</span><br />\n<p style=\"margin-left:auto;color:#333333;font-family:微软雅黑, Arial, Tahoma, 微软雅黑, 宋体;font-size:14px;\">\n	<span style=\"font-size:18px;\">&nbsp; &nbsp; &nbsp;&nbsp;<span style=\"line-height:27px;\">摆管淋雨试验机</span>喷嘴:根据试件的大小，决定摆管的弯曲半径。</span><span style=\"font-size:18px;\">喷嘴为可拆式专用喷嘴，喷孔可根据标准要求的孔径随时更换，以使射出的水滴均匀，流量</span><span style=\"font-size:18px;\">充足;LX-500</span>\n</p>\n<p style=\"margin-left:auto;color:#333333;font-family:微软雅黑, Arial, Tahoma, 微软雅黑, 宋体;font-size:14px;\">\n	<span style=\"font-size:18px;\"><img src=\"http://www.yuexin80.com/uploads/image/20150909/20150909105621_5312.jpg\" width=\"800\" height=\"1635\" title=\"摆管淋雨试验机\" alt=\"摆管淋雨试验机\" /><br />\n</span>\n</p>\n<span style=\"color:#333333;font-family:微软雅黑, Arial, Tahoma, 微软雅黑, 宋体;line-height:24px;font-size:18px;\">&nbsp; &nbsp; &nbsp; &nbsp;<span style=\"line-height:27px;\">摆管淋雨试验机</span>试验水循环:储水箱连接水源自动补助试验水，水经加压泵传输经分流装置、流量计、压力表至摆管喷嘴;</span>','','2015-11-01 09:26:28'),(58,'news','news','摆管淋雨试验机实验原理新方法','<span style=\"color:#333333;font-family:微软雅黑, Arial, Tahoma, 微软雅黑, 宋体;line-height:24px;font-size:18px;\">&nbsp; &nbsp; &nbsp;<a href=\"http://www.yuexin80.com/\" target=\"_blank\">摆管淋雨试验机</a>，淋雨试验装置的试验原理，具体如下：</span><br />\n<p style=\"margin-left:auto;color:#333333;font-family:微软雅黑, Arial, Tahoma, 微软雅黑, 宋体;font-size:14px;\">\n	<strong><span style=\"font-size:18px;\">&nbsp; &nbsp; &nbsp; 摆管淋雨试验机</span></strong><span style=\"font-size:18px;\">通过电机、变频器（进口件）驱动减速器、偏心轮机构、齿条齿轮等机械传动实现摆管摆动。利用变频器调节摆管次数(单位时间内)，通过偏心轮机构调节角度。</span>\n</p>\n<p style=\"margin-left:auto;color:#333333;font-family:微软雅黑, Arial, Tahoma, 微软雅黑, 宋体;font-size:14px;\">\n	<span style=\"font-size:18px;\">&nbsp; &nbsp; &nbsp;&nbsp;为满足不同的试验标准，喷嘴的孔径具体选择。</span>\n</p>\n<p style=\"margin-left:auto;color:#333333;font-family:微软雅黑, Arial, Tahoma, 微软雅黑, 宋体;font-size:14px;\">\n	<span style=\"font-size:18px;\">喷嘴为可拆式专用喷嘴，喷孔可根据标准要求的孔径随时更换，以使射出的水滴均匀，流量充足。</span>\n</p>\n<p style=\"margin-left:auto;color:#333333;font-family:微软雅黑, Arial, Tahoma, 微软雅黑, 宋体;font-size:14px;\">\n	<span style=\"font-size:18px;\"><img src=\"http://www.yuexin80.com/uploads/image/20150907/20150907171157_9687.jpg\" width=\"800\" height=\"1590\" title=\"广州摆管淋雨试验机\" alt=\"广州摆管淋雨试验机\" /><br />\n</span>\n</p>\n<p style=\"margin-left:auto;color:#333333;font-family:微软雅黑, Arial, Tahoma, 微软雅黑, 宋体;font-size:14px;\">\n	<span style=\"font-size:18px;\">&nbsp; &nbsp; &nbsp; &nbsp;为实现整个外壳的面均与实现淋雨试验，电机带动涡轮减速旋转，从而达到工作台旋转速度，从而使产品的各个面都均匀试验。</span>\n</p>\n<p style=\"margin-left:auto;color:#333333;font-family:微软雅黑, Arial, Tahoma, 微软雅黑, 宋体;font-size:14px;\">\n	<span style=\"font-size:18px;\">&nbsp; &nbsp; &nbsp; &nbsp;新的实验方法带动新的产品诞生，公司一直与时俱进。</span>\n</p>\n<div>\n	<br />\n</div>','','2015-11-01 09:26:48'),(59,'news','news','从有关专家了解到的摆管淋雨试验机','<p style=\"margin-left:auto;color:#333333;font-family:微软雅黑, Arial, Tahoma, 微软雅黑, 宋体;font-size:14px;\">\n	&nbsp; &nbsp; 据有关专家介绍，广州<strong><a href=\"http://www.yuexin80.com/\" target=\"_blank\">摆管淋雨试验机</a></strong>的主要用于：\n</p>\n<p style=\"margin-left:auto;color:#333333;font-family:微软雅黑, Arial, Tahoma, 微软雅黑, 宋体;font-size:14px;\">\n	（1）<span>摆管淋雨试验机在</span>考核电工电子产品外壳、密封件在水试验。\n</p>\n<p style=\"margin-left:auto;color:#333333;font-family:微软雅黑, Arial, Tahoma, 微软雅黑, 宋体;font-size:14px;\">\n	（2）<span>摆管淋雨试验机</span>在试验期间是否能保证该设备及元器件良好的工作性能及技术状态。\n</p>\n<p style=\"margin-left:auto;color:#333333;font-family:微软雅黑, Arial, Tahoma, 微软雅黑, 宋体;font-size:14px;\">\n	（3）<span>摆管淋雨试验机</span>在运输过程或使用中可能受到侵水的影响，为产品技术标准提供引用依据。\n</p>\n<p style=\"margin-left:auto;color:#333333;font-family:微软雅黑, Arial, Tahoma, 微软雅黑, 宋体;font-size:14px;\">\n	<img src=\"http://www.yuexin80.com/uploads/image/20150902/20150902170927_9062.jpg\" width=\"500\" height=\"500\" title=\"广州摆管淋雨试验机\" alt=\"广州摆管淋雨试验机\" />\n</p>\n<p style=\"margin-left:auto;color:#333333;font-family:微软雅黑, Arial, Tahoma, 微软雅黑, 宋体;font-size:14px;\">\n	&nbsp; &nbsp;&nbsp;<span>摆管淋雨试验机有关专家，同时也指出了<span><a href=\"http://www.yuexin80.com/\" target=\"_blank\">摆管淋雨试验机</a></span></span>适用以自然条件为基础所进行的人工淋雨试验，不带有强风速的降雨，不考虑试件的高温及雨水温度温差所引进的大量进水。\n</p>','','2015-11-01 09:27:36'),(60,'news','news','IP防水试验机_IP防水等级测试装置_ip防水等级技术','<span style=\"color:#333333;font-family:微软雅黑, Arial, Tahoma, 微软雅黑, 宋体;font-size:14px;line-height:24px;\">&nbsp;&nbsp;</span><strong><a href=\"http://www.yuexin80.com/\" target=\"_blank\">IP防水试验机</a></strong><span style=\"color:#333333;font-family:微软雅黑, Arial, Tahoma, 微软雅黑, 宋体;font-size:14px;line-height:24px;\">设备程式中有标准试验选项，用户可选择需要的标准测试项无需设置即可进行试验；另配有自定义测试选项，用户可自行设置测试数据，以适应不同的测试标准；载物台转盘可以倾斜15，自动转换测试位置，以适应IPX2试验的倾斜要求，使用户在进行IPX2试验时不用停机换位即可自动完成试验作业，同时保证了试验数据的可靠性与准确性。</span><br />\n<span style=\"color:#333333;font-family:微软雅黑, Arial, Tahoma, 微软雅黑, 宋体;font-size:14px;line-height:24px;\">&nbsp; 所有</span><strong>IP防水试验机</strong><span style=\"color:#333333;font-family:微软雅黑, Arial, Tahoma, 微软雅黑, 宋体;font-size:14px;line-height:24px;\">水的压力保持在34.5kPa，试验产品和喷嘴间的距离约0.9m；产品放置在三个喷头的焦点的领域，使得尽可能多的水进入到产品中，喷淋的方向与垂直方向成45度角对着电池板；系统采用回路调压供水系管道供水、试验后的水水槽回收后供水泵循环使用、喷嘴架高度可移、喷嘴架升降采用蜗轮驱动链条升降方式，有操作灵活、位置自锁功能。</span><br />\n<span style=\"color:#333333;font-family:微软雅黑, Arial, Tahoma, 微软雅黑, 宋体;font-size:14px;line-height:24px;\">&nbsp; 摆管传动由伺服马达控制，可实现无级调速，试样转盘为进口变频器调速；摆管及转盘由触摸屏进行设定，并可在画面中显示。</span><br />\n<span style=\"color:#333333;font-family:微软雅黑, Arial, Tahoma, 微软雅黑, 宋体;font-size:14px;line-height:24px;\">&nbsp; &nbsp; &nbsp; &nbsp; &nbsp; &nbsp; &nbsp;&nbsp;</span><img src=\"http://www.yuexin80.com/uploads/image/20150826/20150826145637_8281.jpg\" alt=\"\" />','','2015-11-01 09:27:57'),(61,'news','news','淋雨试验设备，测试产品在淋雨','<span style=\"color:#333333;font-family:微软雅黑, Arial, Tahoma, 微软雅黑, 宋体;font-size:14px;line-height:24px;\">&nbsp;</span><strong>淋雨试验设备</strong><span style=\"color:#333333;font-family:微软雅黑, Arial, Tahoma, 微软雅黑, 宋体;font-size:14px;line-height:24px;\">用于外部照明和信号装置及汽车灯具外壳防护试验检测,更适用以自然条件为基础所进行的人工淋雨试验，不带有强风速的降雨,不考虑试件的高温及雨水温度温差所引起的大量进水。</span><br />\n<strong>&nbsp; 淋雨试验设备</strong><span style=\"color:#333333;font-family:微软雅黑, Arial, Tahoma, 微软雅黑, 宋体;font-size:14px;line-height:24px;\">主要用于测试产品在淋雨的气候环境下的贮存，运输和使用时的性能试验，主要用于对电工电子产品，灯具，电柜，电器元件，汽车，摩托车及其零部件等产品在模拟淋雨的气候条件下，对产品的物理以及其它相关性能进行测试。</span><br />\n<span style=\"color:#333333;font-family:微软雅黑, Arial, Tahoma, 微软雅黑, 宋体;font-size:14px;line-height:24px;\">&nbsp; 管淋雨装置能完全模拟外界淋雨环境，充分再现外界淋雨环境对产品所造成的影响。本设备人工模拟淋雨试验，不包括有强风速的降雨，不考虑试验样品的温度与雨水温度的温度差作用所引起的大量进水.摆管摆动的传动装置设计合理，制作精密，维护方便，摆动速度和角度可以设定和自动调节，操作简单。</span><br />\n<div style=\"margin:0px;padding:0px;color:#333333;font-family:微软雅黑, Arial, Tahoma, 微软雅黑, 宋体;font-size:14px;\">\n	&nbsp; &nbsp; &nbsp;<img src=\"http://www.yuexin80.com/uploads/image/20150824/20150824151052_5468.jpg\" alt=\"\" />\n</div>','','2015-11-01 09:28:12'),(62,'news','news','汽车淋雨检测线广州、深圳、东莞厂','<span style=\"color:#333333;font-family:微软雅黑, Arial, Tahoma, 微软雅黑, 宋体;font-size:14px;line-height:24px;\">&nbsp;&nbsp;</span><strong><a href=\"http://www.yuexin80.com/\" target=\"_blank\">汽车淋雨检测线</a></strong><span style=\"color:#333333;font-family:微软雅黑, Arial, Tahoma, 微软雅黑, 宋体;font-size:14px;line-height:24px;\">试验室的试验目的主要是被试产品在淋雨条件下,产品防止雨水渗透的能力和遭到淋雨时或之后的防雨性能.检查车窗与天窗安装是否正常,适用于检测汽车侧窗与天窗的水密封性，通过淋雨房，把淋雨检测的条件与外面自然状态相类似，来确认汽车的水密封状态的设备，对可能漏雨的部位实施硅防水。</span><br />\n<span style=\"color:#333333;font-family:微软雅黑, Arial, Tahoma, 微软雅黑, 宋体;font-size:14px;line-height:24px;\">&nbsp;&nbsp;</span><a href=\"http://www.yuexin80.com/\" target=\"_blank\">汽车淋雨检测线</a><span style=\"color:#333333;font-family:微软雅黑, Arial, Tahoma, 微软雅黑, 宋体;font-size:14px;line-height:24px;\">组成淋雨线是用来检查整车封闭部位的密封性(如:挡风窗玻璃、行李箱、组合灯等)。 密封性能是否可靠,安装方法是否正确。本试验设备主要用于考核电工电子产品外壳/密封件在水试验后或者在试验期间是否能保证该设备及元器件良好的工作性能和技术状态。它主要由房体、板链式输送线、喷淋系统、淋雨控制系统、热空气吹风系统和防火系统组成。</span><br />\n<span style=\"color:#333333;font-family:微软雅黑, Arial, Tahoma, 微软雅黑, 宋体;font-size:14px;line-height:24px;\">&nbsp; 采用喷射方式并达到一定的淋雨强度喷射车窗表面,同时设有污水处理装置，将循环水进行过滤处理，去除泥砂及杂质，使其达到循环使用水的标准。淋雨房框架结构现场焊接而成。同时产品的运输过程或使用中可能受到浸水的影响，为产品技术标准提供引用依据。</span><br />\n<div>\n	<span style=\"color:#333333;font-family:微软雅黑, Arial, Tahoma, 微软雅黑, 宋体;font-size:14px;line-height:24px;\"><br />\n</span>\n</div>','','2015-11-01 09:28:31'),(63,'news','news','了解摆管淋雨试验机的技术参数是什么','<span style=\"color:#333333;font-family:微软雅黑, Arial, Tahoma, 微软雅黑, 宋体;font-size:14px;line-height:24px;\">&nbsp; &nbsp; &nbsp; &nbsp;了解<a href=\"http://www.yuexin80.com/\" target=\"_blank\">摆管淋雨试验机</a>的技术参数是什么？主要从下面进行了解和分析：</span><br />\n<p style=\"margin-left:auto;color:#333333;font-family:微软雅黑, Arial, Tahoma, 微软雅黑, 宋体;font-size:14px;\">\n	<span><strong><span>&nbsp; &nbsp; &nbsp; &nbsp;摆管淋雨试验机</span></strong><span>的技术参数一：</span><span>管内径测量范围：50～200/200～2000mm &nbsp; &nbsp;&nbsp;</span><span>摆管淋雨试验机的技术参数二：</span></span><span>管内径测量精度：±1%</span>\n</p>\n<p style=\"margin-left:auto;color:#333333;font-family:微软雅黑, Arial, Tahoma, 微软雅黑, 宋体;font-size:14px;\">\n	<span>&nbsp; &nbsp; &nbsp; &nbsp; 摆管淋雨试验机的技术参数3：</span><span>试验空间（mm）：根据客户要求 &nbsp; &nbsp; &nbsp; &nbsp; &nbsp; &nbsp; &nbsp;&nbsp;</span><span>&nbsp; 摆管淋雨试验机的技术参数四：</span><span style=\"line-height:1.5;\">位移分辨率：0.04μm &nbsp;</span>\n</p>\n<p style=\"margin-left:auto;color:#333333;font-family:微软雅黑, Arial, Tahoma, 微软雅黑, 宋体;font-size:14px;\">\n	<span style=\"line-height:1.5;\"><img src=\"http://www.yuexin80.com/uploads/image/20150803/20150803213947_6875.jpg\" width=\"500\" height=\"500\" title=\"&nbsp;&nbsp;摆管淋雨试验机\" alt=\"&nbsp;&nbsp;摆管淋雨试验机\" /><br />\n</span>\n</p>\n<p style=\"margin-left:auto;color:#333333;font-family:微软雅黑, Arial, Tahoma, 微软雅黑, 宋体;font-size:14px;\">\n	<br />\n</p>\n<p style=\"margin-left:auto;color:#333333;font-family:微软雅黑, Arial, Tahoma, 微软雅黑, 宋体;font-size:14px;\">\n	<span>&nbsp; 摆管淋雨试验机的技术参数五：</span><span>管内径测量分辨率：0.01mm &nbsp; &nbsp; &nbsp; &nbsp; &nbsp; &nbsp; &nbsp; &nbsp; &nbsp; &nbsp;&nbsp;</span><span>&nbsp; 摆管淋雨试验机的技术参数六：</span><span style=\"line-height:1.5;\">规格：30～100kN</span>\n</p>\n<span style=\"color:#333333;font-family:微软雅黑, Arial, Tahoma, 微软雅黑, 宋体;font-size:14px;line-height:24px;\"><span>&nbsp; 摆管淋雨试验机的技术参数七：</span><span>精度等级：0.5级</span></span><span style=\"color:#333333;font-family:微软雅黑, Arial, Tahoma, 微软雅黑, 宋体;font-size:14px;line-height:24px;\">&nbsp;&nbsp; &nbsp; &nbsp; &nbsp; &nbsp; &nbsp; &nbsp; &nbsp; &nbsp; &nbsp; &nbsp; &nbsp; &nbsp; &nbsp; &nbsp; &nbsp; &nbsp; &nbsp;&nbsp;</span><span style=\"color:#333333;font-family:微软雅黑, Arial, Tahoma, 微软雅黑, 宋体;font-size:14px;line-height:24px;\">&nbsp; 摆管淋雨试验机的技术参数八：</span><span style=\"color:#333333;font-family:微软雅黑, Arial, Tahoma, 微软雅黑, 宋体;font-size:14px;line-height:1.5;\">有效试验宽度：600mm</span><span style=\"color:#333333;font-family:微软雅黑, Arial, Tahoma, 微软雅黑, 宋体;font-size:14px;line-height:24px;\"></span>\n<p style=\"margin-left:auto;color:#333333;font-family:微软雅黑, Arial, Tahoma, 微软雅黑, 宋体;font-size:14px;\">\n	<br />\n</p>\n<br />','','2015-11-01 09:28:49'),(64,'news','news','垂直滴雨试验装置、广州军用风淋雨试验室','<span style=\"color:#333333;font-family:微软雅黑, Arial, Tahoma, 微软雅黑, 宋体;font-size:14px;line-height:24px;\">&nbsp;&nbsp;</span><a href=\"http://www.yuexin80.com/czdysyzzipx1ipx2/\" target=\"_blank\">垂直滴雨试验装置</a><span style=\"color:#333333;font-family:微软雅黑, Arial, Tahoma, 微软雅黑, 宋体;font-size:14px;line-height:24px;\">主要是测试产品在淋雨的气候环境下的贮存，运输和使用时的性能试验，主要用于对电工电子产品，灯具，电柜，电器元件，汽车，摩托车及其零部件等产品在模拟淋雨的气候条件下，对产品的物理以及其它相关性能进行测试。</span><br />\n<span style=\"color:#333333;font-family:微软雅黑, Arial, Tahoma, 微软雅黑, 宋体;font-size:14px;line-height:24px;\">&nbsp;&nbsp;</span><strong>&nbsp;垂直滴水试验装置</strong><span style=\"color:#333333;font-family:微软雅黑, Arial, Tahoma, 微软雅黑, 宋体;font-size:14px;line-height:24px;\">设计制造，适用于电气产品进行第二位特征数字为1/2（IPX1/IPX2）的防水试验。该设备满足IP防护等级IPX1/IPX2的测试要求。降雨量要求：防水等级为IPX1的滴水量为1 ±0.5mm/min具备压缩空气风干功能，试验完成后可将滴水箱内多余水份排除干净，避免长时间积水结垢堵塞针咀。</span><br />\n<span style=\"color:#333333;font-family:微软雅黑, Arial, Tahoma, 微软雅黑, 宋体;font-size:14px;line-height:24px;\">&nbsp; 司提供服务主要试验室天祥ETL实验室（广州、香港、上海、杭州）、UL实验室、TUV实验室、CSA实验室、SGS实验室、STR实验室、杭州英华技术服务有限公司、国家无线电检测中心、国家光电源质量监督检测中心。</span><br />\n<div style=\"margin:0px;padding:0px;color:#333333;font-family:微软雅黑, Arial, Tahoma, 微软雅黑, 宋体;font-size:14px;\">\n	<img src=\"http://www.yuexin80.com/uploads/image/20150720/20150720144655_4218.jpg\" width=\"500\" height=\"500\" title=\"垂直滴雨试验装置图\" alt=\"垂直滴雨试验装置图\" />\n</div>','','2015-11-01 09:29:06'),(65,'news','news','强喷水试验装置厂家强冲水式淋雨试验','<span style=\"color:#333333;font-family:微软雅黑, Arial, Tahoma, 微软雅黑, 宋体;font-size:14px;line-height:24px;\">&nbsp;该装置用于考核电工电子产品外壳、密封件在冲水试验后或者在试验期间是否能保证该设备及元器件良好的工作性能及技术状态。同时产品在运输过程或使用中可能受到浸水的影响，为产品技术标准提供引用依据。本设备可以为科研、</span><strong><a href=\"http://www.yuexin80.com/ipx5ipx6jpssyzz/\" target=\"_blank\">强喷水试验装置</a>厂家</strong><span style=\"color:#333333;font-family:微软雅黑, Arial, Tahoma, 微软雅黑, 宋体;font-size:14px;line-height:24px;\">开发和质量控制提供相应的环境模拟和加速试验。</span><br />\n<span style=\"color:#333333;font-family:微软雅黑, Arial, Tahoma, 微软雅黑, 宋体;font-size:14px;line-height:24px;\">&nbsp;&nbsp;</span><a href=\"http://www.yuexin80.com/\" target=\"_blank\">强喷水试验装置厂家</a><span style=\"color:#333333;font-family:微软雅黑, Arial, Tahoma, 微软雅黑, 宋体;font-size:14px;line-height:24px;\">主要用于考核电工电子产品外壳、密封件在冲水试验后或者在试验期间是否能保证该设备及元器件良好的工作性能及技术状态。同时产品在运输过程或使用中可能受到侵水的影响，为产品技术标准提供引用依据。</span><br />\n<span style=\"color:#333333;font-family:微软雅黑, Arial, Tahoma, 微软雅黑, 宋体;font-size:14px;line-height:24px;\">&nbsp; 喷嘴内径：6.3 mm；水流量：12.5士0.6 25L /min；试验时间：最少3m in；喷嘴至外壳表面距离：2.5-3m。</span><br />\n<div style=\"margin:0px;padding:0px;color:#333333;font-family:微软雅黑, Arial, Tahoma, 微软雅黑, 宋体;font-size:14px;\">\n	&nbsp; &nbsp; &nbsp; &nbsp; &nbsp; &nbsp; &nbsp; &nbsp; &nbsp; &nbsp;&nbsp;<img src=\"http://www.yuexin80.com/uploads/image/20150713/20150713145803_2968.jpg\" width=\"210\" height=\"210\" title=\"强喷水试验装置厂家图\" alt=\"强喷水试验装置厂家图\" />\n</div>','','2015-11-01 09:29:27'),(66,'news','news','摆管淋雨试验装置','<span style=\"color:#333333;font-family:微软雅黑, Arial, Tahoma, 微软雅黑, 宋体;font-size:14px;line-height:24px;\">&nbsp;&nbsp;</span><strong>&nbsp;</strong><strong>摆管淋雨试验</strong><span style=\"color:#333333;font-family:微软雅黑, Arial, Tahoma, 微软雅黑, 宋体;font-size:14px;line-height:24px;\">设备主要用于考核电工电子产品外壳、密封件在水试验后。或者在试验期间是否能保证该设备及元器件良好的工作性能及技术状态。同时产品在运输过程或使用中可能受到侵水的影响，为产品技术标准提供引用依据。适用以自然条件为基础所进行的人工淋雨试验，不带有强风速的降雨，不考虑试件的高温及雨水温度温差所引进的大量进水。</span><br />\n<span style=\"color:#333333;font-family:微软雅黑, Arial, Tahoma, 微软雅黑, 宋体;font-size:14px;line-height:24px;\">&nbsp;1.摆管摆动：通过步进电机、PLC（进口件）驱动减速器、通过可编程逻辑控制器设定自动完成;</span><br />\n<span style=\"color:#333333;font-family:微软雅黑, Arial, Tahoma, 微软雅黑, 宋体;font-size:14px;line-height:24px;\">&nbsp;2.工作台旋转：电机带动涡轮减速旋转,从而达到工作台旋转速度;</span><br />\n<span style=\"color:#333333;font-family:微软雅黑, Arial, Tahoma, 微软雅黑, 宋体;font-size:14px;line-height:24px;\">&nbsp;3.喷嘴：根据试件的大小,决定摆管的弯曲半径。喷嘴为可拆式专用喷嘴,喷孔可根据标准要求的孔径随时更换,以使射出的水滴均匀流量充足;</span><br />\n<span style=\"color:#333333;font-family:微软雅黑, Arial, Tahoma, 微软雅黑, 宋体;font-size:14px;line-height:24px;\">&nbsp;4.水道：敞开式摆管淋雨须考虑排水,在土建时就应考虑以能迅速排放不积水为佳,另需配备相当容量的贮水池以供应试验所需。</span><br />\n<div style=\"margin:0px;padding:0px;color:#333333;font-family:微软雅黑, Arial, Tahoma, 微软雅黑, 宋体;font-size:14px;\">\n	&nbsp; &nbsp; &nbsp; &nbsp; &nbsp;&nbsp;<img src=\"http://www.yuexin80.com/uploads/image/20150706/20150706110710_6093.jpg\" width=\"350\" height=\"350\" title=\"摆管淋雨试验装置图\" alt=\"摆管淋雨试验装置图\" />\n</div>','','2015-11-01 09:29:47'),(67,'news','news','摆管淋雨试验机生产厂家直销','<span style=\"color:#333333;font-family:微软雅黑, Arial, Tahoma, 微软雅黑, 宋体;font-size:14px;line-height:24px;\">&nbsp;&nbsp;</span><strong>&nbsp;<a href=\"http://www.yuexin80.com/\" target=\"_blank\">摆管淋雨试验机</a>生产厂家</strong><span style=\"color:#333333;font-family:微软雅黑, Arial, Tahoma, 微软雅黑, 宋体;font-size:14px;line-height:24px;\">设备程式中有标准试验选项，用户可选择需要的标准测试项无需设置即可进行试验；另配有自定义测试选项，用户可自行设置测试数据，以适应不同的测试标准；载物台转盘可以倾斜15，自动转换测试位置，以适应IPX2试验的倾斜要求，使用户在进行IPX2试验时不用停机换位即可自动完成试验作业，同时保证了试验数据的可靠性与准确性。</span><br />\n<span style=\"color:#333333;font-family:微软雅黑, Arial, Tahoma, 微软雅黑, 宋体;font-size:14px;line-height:24px;\">&nbsp;</span><a href=\"http://www.yuexin80.com/\" target=\"_blank\">&nbsp;&nbsp;摆管淋雨试验机生产厂家</a><span style=\"color:#333333;font-family:微软雅黑, Arial, Tahoma, 微软雅黑, 宋体;font-size:14px;line-height:24px;\">结构与材质：</span><br />\n<span style=\"color:#333333;font-family:微软雅黑, Arial, Tahoma, 微软雅黑, 宋体;font-size:14px;line-height:24px;\">1．传动箱及进水装置均由不锈钢板制成，左右两立柱外壳均为不锈钢材料制成。试验台同样安装立柱中间并可左右滑动，以便换装不同规格摆管；</span><br />\n<span style=\"color:#333333;font-family:微软雅黑, Arial, Tahoma, 微软雅黑, 宋体;font-size:14px;line-height:24px;\">2．转盘共为两套，转盘为R：150；R：300两套；转盘下方安装有防水插座（满足IP66标准），两线制：MAXAC250V 20A；</span><br />\n<span style=\"color:#333333;font-family:微软雅黑, Arial, Tahoma, 微软雅黑, 宋体;font-size:14px;line-height:24px;\">3．摆管、法兰、及增压控制箱均用不锈钢材料制成；</span><br />\n<div style=\"margin:0px;padding:0px;color:#333333;font-family:微软雅黑, Arial, Tahoma, 微软雅黑, 宋体;font-size:14px;\">\n	<img src=\"http://www.yuexin80.com/uploads/image/20150629/20150629145849_4062.jpg\" width=\"500\" height=\"500\" title=\"摆管淋雨试验机生产厂家图\" alt=\"摆管淋雨试验机生产厂家图\" />\n</div>','','2015-11-01 09:30:01'),(68,'news','news','摆管淋雨试验箱 知识小百科（二）','<p class=\"p0\" style=\"margin-left:auto;color:#333333;font-family:微软雅黑, Arial, Tahoma, 微软雅黑, 宋体;font-size:14px;text-indent:21pt;text-align:justify;\">\n	<span style=\"line-height:1.5;\"><a href=\"http://www.yuexin80.com/supply/43.html\" target=\"_blank\"><span style=\"color:#E53333;\"><strong><u>摆管淋雨试验箱</u></strong></span></a>，顾名思义，也是用作测试产品在一定环境下的性能以达到其要求。那么大家又知不知道它是怎么操作的呢？</span>\n</p>\n<p class=\"p0\" style=\"margin-left:auto;color:#333333;font-family:微软雅黑, Arial, Tahoma, 微软雅黑, 宋体;font-size:14px;text-indent:21pt;text-align:justify;\">\n	<a href=\"http://www.yuexin80.com/supply/43.html\" target=\"_blank\"><span style=\"color:#E53333;\"><strong><u>摆管淋雨试验箱</u></strong></span></a>操作原理：\n</p>\n<p class=\"p0\" style=\"margin-left:auto;color:#333333;font-family:微软雅黑, Arial, Tahoma, 微软雅黑, 宋体;font-size:14px;text-indent:21pt;text-align:justify;\">\n	摆管摆动：通过电机、变频器（进口件）驱动减速器、偏心轮机构、齿条齿轮等机械传动实现。利用变频器调节摆管次数<span>(</span><span>单位时间内</span><span>)</span><span>，通过偏心轮机构调节角度。</span>\n</p>\n<p class=\"p0\" style=\"margin-left:auto;color:#333333;font-family:微软雅黑, Arial, Tahoma, 微软雅黑, 宋体;font-size:14px;text-indent:21pt;text-align:justify;\">\n	工作台旋转：电机带动涡轮减速旋转，从而达到工作台旋转速度。\n</p>\n<p class=\"p0\" style=\"margin-left:auto;color:#333333;font-family:微软雅黑, Arial, Tahoma, 微软雅黑, 宋体;font-size:14px;text-indent:21pt;text-align:justify;\">\n	喷嘴：根据试件的大小，决定摆管的弯曲半径。喷嘴为可拆式专用喷嘴，喷孔可根据标准要求的孔径随时更换，以使射出的水滴均匀，流量充足。\n</p>\n<p class=\"p0\" style=\"margin-left:auto;color:#333333;font-family:微软雅黑, Arial, Tahoma, 微软雅黑, 宋体;font-size:14px;text-indent:21pt;text-align:justify;\">\n	下水道：敞开式摆管淋雨须考虑排水，在土建时就应考虑，以能迅速排放，不积水为佳。另需配备相当容量的贮水池以供应试验所需。\n</p>\n<p class=\"p0\" style=\"margin-left:auto;color:#333333;font-family:微软雅黑, Arial, Tahoma, 微软雅黑, 宋体;font-size:14px;text-indent:21pt;text-align:justify;\">\n	<a href=\"http://www.yuexin80.com/supply/43.html\" target=\"_blank\"><span style=\"color:#E53333;\"><strong><u>摆管淋雨试验箱</u></strong></span></a>操作原理虽然简单，但是也需要注意一些小细节。&nbsp;\n</p>\n<div>\n	<br />\n</div>','','2015-11-01 09:30:22'),(69,'news','news','摆管淋雨试验箱 知识小百科（一）','<p class=\"p0\" style=\"margin-left:auto;color:#333333;font-family:微软雅黑, Arial, Tahoma, 微软雅黑, 宋体;font-size:14px;text-indent:21pt;text-align:justify;\">\n	<span style=\"line-height:1.5;\"><a href=\"http://www.yuexin80.com/supply/36.html\" target=\"_blank\"><span style=\"color:#E53333;\"><strong><u>摆管淋雨试验箱</u></strong></span></a>一般用于汽车灯具外壳防护，能够提供真实的模拟产品在运输和使用的时候可能受到的淋水的防水实验，以达到检测各种产品的防水性能。那么在使用这个机械时我们应该注意那些事项呢？</span>\n</p>\n<p class=\"p0\" style=\"margin-left:auto;color:#333333;font-family:微软雅黑, Arial, Tahoma, 微软雅黑, 宋体;font-size:14px;text-indent:21pt;text-align:justify;\">\n	<a href=\"http://www.yuexin80.com/supply/36.html\" target=\"_blank\"><span style=\"color:#E53333;\"><strong><u>摆管淋雨试验箱</u></strong></span></a>注意事项：\n</p>\n<p class=\"p0\" style=\"margin-left:auto;color:#333333;font-family:微软雅黑, Arial, Tahoma, 微软雅黑, 宋体;font-size:14px;text-indent:21pt;text-align:justify;\">\n	1<span>、在运行中听到意外声响，需停机检查，待查出故障解决后才可重新开机，以免影响设备使用寿命。</span>\n</p>\n<p class=\"p0\" style=\"margin-left:auto;color:#333333;font-family:微软雅黑, Arial, Tahoma, 微软雅黑, 宋体;font-size:14px;text-indent:21pt;text-align:justify;\">\n	2<span>、传动机构必须定期加油，减速机必须加清洁的</span><span>20#</span><span>机油。</span>\n</p>\n<p class=\"p0\" style=\"margin-left:auto;color:#333333;font-family:微软雅黑, Arial, Tahoma, 微软雅黑, 宋体;font-size:14px;text-indent:21pt;text-align:justify;\">\n	3<span>、设备定位后，需把支承架撑起，防止设备试验时脚轮受到震动后移位。</span>\n</p>\n<p class=\"p0\" style=\"margin-left:auto;color:#333333;font-family:微软雅黑, Arial, Tahoma, 微软雅黑, 宋体;font-size:14px;text-indent:21pt;text-align:justify;\">\n	4<span>、淋雨试验箱较长时间运行，如发现喷水孔堵塞，必须拆下管路，用自来水冲洗后再装配上去。</span>\n</p>\n<p class=\"p0\" style=\"margin-left:auto;color:#333333;font-family:微软雅黑, Arial, Tahoma, 微软雅黑, 宋体;font-size:14px;text-indent:21pt;text-align:justify;\">\n	只有正确的使用<a href=\"http://www.yuexin80.com/supply/36.html\" target=\"_blank\"><span style=\"color:#E53333;\"><strong><u>摆管淋雨试验箱</u></strong></span></a>，才能使其的使用寿命更长。&nbsp;\n</p>\n<p class=\"p0\" style=\"margin-left:auto;color:#333333;font-family:微软雅黑, Arial, Tahoma, 微软雅黑, 宋体;font-size:14px;text-indent:21pt;text-align:justify;\">\n	<br />\n</p>\n<p class=\"p0\" style=\"margin-left:auto;color:#333333;font-family:微软雅黑, Arial, Tahoma, 微软雅黑, 宋体;font-size:14px;text-indent:21pt;text-align:justify;\">\n	<span><a href=\"http://www.yuexin80.com/\" target=\"_blank\">防水试验机</a>,</span><a href=\"http://www.yuexin80.com/\">摆管淋雨试验机</a><span>,<a href=\"http://www.yuexin80.com/\" target=\"_blank\">灯具温升防风罩</a>--广州岳信试验设备有限公司(</span><a href=\"http://www.yuexin80.com/\">www.yuexin80.com</a><span>)</span>\n</p>','','2015-11-01 09:30:46'),(70,'news','news','花洒淋雨 基础知识大普及','<p class=\"p0\" style=\"margin-left:auto;color:#333333;font-family:微软雅黑, Arial, Tahoma, 微软雅黑, 宋体;font-size:14px;text-indent:21pt;\">\n	<span style=\"line-height:1.5;\"><a href=\"http://www.yuexin80.com/supply/32.html\" target=\"_blank\"><span style=\"color:#E53333;\"><strong><u>花洒淋雨</u></strong></span></a>，大家看到这个词是不是想到我们日常用来淋浴的花洒呢？其实它是一种实验设备，工作原理和普通花洒也有相似之处。那<a href=\"http://www.yuexin80.com/supply/32.html\" target=\"_blank\">花洒淋雨</a>主要有什么作用呢？下面请跟着小编来学习一下吧！</span>\n</p>\n<p class=\"p0\" style=\"margin-left:auto;color:#333333;font-family:微软雅黑, Arial, Tahoma, 微软雅黑, 宋体;font-size:14px;text-indent:21pt;\">\n	<a href=\"http://www.yuexin80.com/supply/32.html\" target=\"_blank\"><span style=\"color:#E53333;\"><strong><u>花洒淋雨</u></strong></span></a><span style=\"line-height:1.5;\">设备的主要作用是测试产品在淋雨的气候环境下的贮存、运输和使用时的性能，花洒淋雨设备主要用于电子、电工产品、灯具、电柜、电器元件、汽车、摩托车及其及零部件等产品在模拟淋雨的气候条件下，对产品的物理以及其它相关性能进行测试，测试后，通过检定来判断产品的性能是后达到要求，以便产品的设计、改进、检定及出厂检验使用。</span>\n</p>\n<p class=\"p0\" style=\"margin-left:auto;color:#333333;font-family:微软雅黑, Arial, Tahoma, 微软雅黑, 宋体;font-size:14px;text-indent:24pt;\">\n	<a href=\"http://www.yuexin80.com/supply/32.html\" target=\"_blank\"><span style=\"color:#E53333;\"><strong><u>花洒淋雨</u></strong></span></a>为金属件的测试做出了很大的贡献，它不仅能看到产品的缺点在哪里，同时也在逐步提高我们使用的期限。\n</p>\n<p style=\"margin-left:auto;color:#333333;font-family:微软雅黑, Arial, Tahoma, 微软雅黑, 宋体;font-size:14px;\">\n	&nbsp; &nbsp; &nbsp; &nbsp;<span>&nbsp;</span><span><a href=\"http://www.yuexin80.com/\" target=\"_blank\">防水试验机</a>,</span><a href=\"http://www.yuexin80.com/\">摆管淋雨试验机</a><span>,<a href=\"http://www.yuexin80.com/\" target=\"_blank\">灯具温升防风罩</a>--广州岳信试验设备有限公司(</span><a href=\"http://www.yuexin80.com/\">www.yuexin80.com</a><span>)</span>\n</p>','','2015-11-01 09:31:01'),(71,'news','news','高压喷淋试验箱适用范围大爆料','<p class=\"p0\" style=\"margin-left:auto;color:#333333;font-family:微软雅黑, Arial, Tahoma, 微软雅黑, 宋体;font-size:14px;text-indent:21pt;\">\n	<span style=\"line-height:1.5;\">你知道什么是<a href=\"http://www.yuexin80.com/supply/26.html\" target=\"_blank\"><span style=\"color:#E53333;\"><strong><u>高压喷淋试验箱</u></strong></span></a>吗？<a href=\"http://www.yuexin80.com/supply/26.html\" target=\"_blank\">高压喷淋试验箱</a>主要是模拟淋雨的气候环境，测试产品在雨天的贮存、运输和使用时的性能。</span> \n</p>\n<p class=\"p0\" style=\"margin-left:auto;color:#333333;font-family:微软雅黑, Arial, Tahoma, 微软雅黑, 宋体;font-size:14px;text-indent:21pt;\">\n	以下是<a href=\"http://www.yuexin80.com/supply/26.html\" target=\"_blank\"><span style=\"color:#E53333;\"><strong><u>高压喷淋试验箱</u></strong></span></a>的主要适用范围：\n</p>\n<p class=\"p0\" style=\"margin-left:auto;color:#333333;font-family:微软雅黑, Arial, Tahoma, 微软雅黑, 宋体;font-size:14px;text-indent:21pt;\">\n	1<span>、广泛适用于饰品、钟表、表壳的抛光腊及污垢，电子零件及电子、电脑线路板上的助焊剂、松香，精密器件上的油脂；</span> \n</p>\n<p class=\"p0\" style=\"margin-left:auto;color:#333333;font-family:微软雅黑, Arial, Tahoma, 微软雅黑, 宋体;font-size:14px;text-indent:21pt;\">\n	2<span>、航空、铁路系统生产及维修，汽车摩托车制造行业如齿轮、曲轴、齿轮箱、油泵油嘴配件、轴承、掣动器、燃油过滤器、减震器等高精度的超声波清洗；</span> \n</p>\n<p class=\"p0\" style=\"margin-left:auto;color:#333333;font-family:微软雅黑, Arial, Tahoma, 微软雅黑, 宋体;font-size:14px;text-indent:21pt;\">\n	3<span>、精密模具、灯饰、锁具、刀具、餐具等成品五金制品包装前的超声波清洗；</span> \n</p>\n<p class=\"p0\" style=\"margin-left:auto;color:#333333;font-family:微软雅黑, Arial, Tahoma, 微软雅黑, 宋体;font-size:14px;text-indent:21pt;\">\n	4<span>、轻工业如空调、冷柜、冰箱中的压缩机、精密纺织器格、喷丝嘴、珠宝行业的首饰玉器、表面处理行业如机械五金零部件电镀前处理，非金属机箱体涂覆等的超声波清洗；</span> \n</p>\n<p class=\"p0\" style=\"margin-left:auto;color:#333333;font-family:微软雅黑, Arial, Tahoma, 微软雅黑, 宋体;font-size:14px;text-indent:21pt;\">\n	5<span>、高洁净度要求的精密铜件、锌铝合金件、五金件的清洗；</span> \n</p>\n<p class=\"p0\" style=\"margin-left:auto;color:#333333;font-family:微软雅黑, Arial, Tahoma, 微软雅黑, 宋体;font-size:14px;text-indent:21pt;\">\n	6<span>、尤其适合于高档钟表注塑件镀膜前清洗。</span> \n</p>\n<p class=\"p0\" style=\"margin-left:auto;color:#333333;font-family:微软雅黑, Arial, Tahoma, 微软雅黑, 宋体;font-size:14px;text-indent:21pt;\">\n	我们在对产品做模拟淋雨气候的时候，一定要看清楚<a href=\"http://www.yuexin80.com/supply/26.html\" target=\"_blank\"><span style=\"color:#E53333;\"><strong><u>高压喷淋试验箱</u></strong></span></a>的使用范围，这样才能为我们的设备带来更多的好处。\n</p>\n<p class=\"p0\" style=\"margin-left:auto;color:#333333;font-family:微软雅黑, Arial, Tahoma, 微软雅黑, 宋体;font-size:14px;text-indent:21pt;\">\n	<br />\n</p>\n<p class=\"p0\" style=\"margin-left:auto;color:#333333;font-family:微软雅黑, Arial, Tahoma, 微软雅黑, 宋体;font-size:14px;text-indent:21pt;\">\n	<span>&nbsp;</span><span><a href=\"http://www.yuexin80.com/\" target=\"_blank\">防水试验机</a>,</span><a href=\"http://www.yuexin80.com/\">摆管淋雨试验机</a><span>,<a href=\"http://www.yuexin80.com/\" target=\"_blank\">灯具温升防风罩</a>--广州岳信试验设备有限公司(</span><a href=\"http://www.yuexin80.com/\">www.yuexin80.com</a><span>)</span> \n</p>','','2015-11-16 06:57:58'),(73,'recruit','recruit','业务员','无需工作经验','','2015-11-01 09:32:57'),(74,'recruit','recruit','营销策划','&nbsp; &nbsp; 设备业务员','','2015-11-01 09:33:33'),(76,'material','material','产品资料2015','产品资料','../upload/material/material1449465910.log','2015-12-07 05:25:13'),(86,'company','companykey','','hot_search','','2015-11-01 20:10:52'),(87,'company','subject','','YX-ZC400S综合淋雨箱','','2015-11-01 20:10:54'),(88,'company','content','','http://yuexin.dev:8099/product.php?id=6','','2015-11-01 20:10:55'),(96,'product','product23',NULL,'<img alt=\"\" src=\"/admin/scripts/kindeditor/php/../attached/image/20151116/20151116212824_93064.jpg\" /><img alt=\"\" src=\"/admin/scripts/kindeditor/php/../attached/image/20151116/20151116212839_14932.jpg\" /><img alt=\"\" src=\"/admin/scripts/kindeditor/php/../attached/image/20151116/20151116212846_96396.jpg\" /><img alt=\"\" src=\"/admin/scripts/kindeditor/php/../attached/image/20151116/20151116212851_33381.jpg\" /><img alt=\"\" src=\"/admin/scripts/kindeditor/php/../attached/image/20151116/20151116212858_15583.jpg\" /><img alt=\"\" src=\"/admin/scripts/kindeditor/php/../attached/image/20151116/20151116212904_82658.jpg\" /><img alt=\"\" src=\"/admin/scripts/kindeditor/php/../attached/image/20151116/20151116212942_85915.jpg\" />',NULL,'2015-11-16 13:30:07'),(97,'product','product24',NULL,'<img alt=\"\" src=\"/admin/scripts/kindeditor/php/../attached/image/20151116/20151116213227_24988.jpg\" /><img alt=\"\" src=\"/admin/scripts/kindeditor/php/../attached/image/20151116/20151116213234_92268.jpg\" /><img alt=\"\" src=\"/admin/scripts/kindeditor/php/../attached/image/20151116/20151116213241_58018.jpg\" /><img alt=\"\" src=\"/admin/scripts/kindeditor/php/../attached/image/20151116/20151116213246_83858.jpg\" /><img alt=\"\" src=\"/admin/scripts/kindeditor/php/../attached/image/20151116/20151116213302_84454.jpg\" /><img alt=\"\" src=\"/admin/scripts/kindeditor/php/../attached/image/20151116/20151116213418_81185.jpg\" />',NULL,'2015-11-16 13:38:40'),(99,'product','product26',NULL,'<img alt=\"\" src=\"/admin/scripts/kindeditor/php/../attached/image/20151116/20151116214628_69098.jpg\" /><img alt=\"\" src=\"/admin/scripts/kindeditor/php/../attached/image/20151116/20151116214652_44282.jpg\" /><img alt=\"\" src=\"/admin/scripts/kindeditor/php/../attached/image/20151116/20151116214705_88044.jpg\" /><img alt=\"\" src=\"/admin/scripts/kindeditor/php/../attached/image/20151116/20151116214719_98168.jpg\" /><img alt=\"\" src=\"/admin/scripts/kindeditor/php/../attached/image/20151116/20151116214727_80529.jpg\" /><img alt=\"\" src=\"/admin/scripts/kindeditor/php/../attached/image/20151116/20151116214742_89417.jpg\" /><img alt=\"\" src=\"/admin/scripts/kindeditor/php/../attached/image/20151116/20151116214757_77370.jpg\" />',NULL,'2015-11-16 13:48:16'),(100,'product','product27',NULL,'<img alt=\"\" src=\"/admin/scripts/kindeditor/php/../attached/image/20151120/20151120201007_55738.jpg\" /><img alt=\"\" src=\"/admin/scripts/kindeditor/php/../attached/image/20151120/20151120201051_27962.jpg\" /><img alt=\"\" src=\"/admin/scripts/kindeditor/php/../attached/image/20151120/20151120201102_97374.jpg\" /><img alt=\"\" src=\"/admin/scripts/kindeditor/php/../attached/image/20151120/20151120201114_95558.jpg\" /><img alt=\"\" src=\"/admin/scripts/kindeditor/php/../attached/image/20151120/20151120201117_22771.jpg\" /><img alt=\"\" src=\"/admin/scripts/kindeditor/php/../attached/image/20151120/20151120201124_67807.jpg\" /><img alt=\"\" src=\"/admin/scripts/kindeditor/php/../attached/image/20151120/20151120201130_11766.jpg\" /> \n<p>\n	&nbsp;\n</p>',NULL,'2015-11-20 11:45:26'),(101,'product','product28',NULL,'<img alt=\"\" src=\"/admin/scripts/kindeditor/php/../attached/image/20151120/20151120203552_13276.jpg\" /><img alt=\"\" src=\"/admin/scripts/kindeditor/php/../attached/image/20151120/20151120203558_20398.jpg\" /><img alt=\"\" src=\"/admin/scripts/kindeditor/php/../attached/image/20151120/20151120203606_53843.jpg\" /><img alt=\"\" src=\"/admin/scripts/kindeditor/php/../attached/image/20151120/20151120203629_38119.jpg\" /><img alt=\"\" src=\"/admin/scripts/kindeditor/php/../attached/image/20151120/20151120203636_29333.jpg\" /><img alt=\"\" src=\"/admin/scripts/kindeditor/php/../attached/image/20151120/20151120203640_34919.jpg\" /><img alt=\"\" src=\"/admin/scripts/kindeditor/php/../attached/image/20151120/20151120203644_61451.jpg\" />',NULL,'2015-11-20 12:37:24'),(102,'product','product29',NULL,'<img alt=\"\" src=\"/admin/scripts/kindeditor/php/../attached/image/20151120/20151120212218_93336.jpg\" /><img alt=\"\" src=\"/admin/scripts/kindeditor/php/../attached/image/20151120/20151120212224_63552.jpg\" /><img alt=\"\" src=\"/admin/scripts/kindeditor/php/../attached/image/20151120/20151120212233_49207.jpg\" /><img alt=\"\" src=\"/admin/scripts/kindeditor/php/../attached/image/20151120/20151120212240_38026.jpg\" /><img alt=\"\" src=\"/admin/scripts/kindeditor/php/../attached/image/20151120/20151120212248_25163.jpg\" /><img alt=\"\" src=\"/admin/scripts/kindeditor/php/../attached/image/20151120/20151120212301_65129.jpg\" /><img alt=\"\" src=\"/admin/scripts/kindeditor/php/../attached/image/20151120/20151120212310_39665.jpg\" />',NULL,'2015-11-20 13:24:12'),(103,'product','product30',NULL,'<img alt=\"\" src=\"/admin/scripts/kindeditor/php/../attached/image/20151120/20151120213105_84742.jpg\" /><img alt=\"\" src=\"/admin/scripts/kindeditor/php/../attached/image/20151120/20151120213112_36644.jpg\" /><img alt=\"\" src=\"/admin/scripts/kindeditor/php/../attached/image/20151120/20151120213129_29912.jpg\" /><img alt=\"\" src=\"/admin/scripts/kindeditor/php/../attached/image/20151120/20151120213134_45230.jpg\" /><img alt=\"\" src=\"/admin/scripts/kindeditor/php/../attached/image/20151120/20151120213145_82781.jpg\" /><img alt=\"\" src=\"/admin/scripts/kindeditor/php/../attached/image/20151120/20151120213153_98044.jpg\" /><img alt=\"\" src=\"/admin/scripts/kindeditor/php/../attached/image/20151120/20151120213202_18258.jpg\" />',NULL,'2015-11-20 13:33:18'),(104,'product','product31',NULL,'<img alt=\"\" src=\"/admin/scripts/kindeditor/php/../attached/image/20151120/20151120213740_75316.jpg\" /><img alt=\"\" src=\"/admin/scripts/kindeditor/php/../attached/image/20151120/20151120213746_88887.jpg\" /><img alt=\"\" src=\"/admin/scripts/kindeditor/php/../attached/image/20151120/20151120213754_85396.jpg\" /><img alt=\"\" src=\"/admin/scripts/kindeditor/php/../attached/image/20151120/20151120213803_54835.jpg\" /><img alt=\"\" src=\"/admin/scripts/kindeditor/php/../attached/image/20151120/20151120213809_12754.jpg\" /><img alt=\"\" src=\"/admin/scripts/kindeditor/php/../attached/image/20151120/20151120213815_95874.jpg\" /><img alt=\"\" src=\"/admin/scripts/kindeditor/php/../attached/image/20151120/20151120213829_94136.jpg\" />',NULL,'2015-11-20 13:38:46'),(105,'product','product32',NULL,'<img alt=\"\" src=\"/admin/scripts/kindeditor/php/../attached/image/20151120/20151120214853_86022.jpg\" /><img alt=\"\" src=\"/admin/scripts/kindeditor/php/../attached/image/20151120/20151120214901_14930.jpg\" /><img alt=\"\" src=\"/admin/scripts/kindeditor/php/../attached/image/20151120/20151120214908_30429.jpg\" /><img alt=\"\" src=\"/admin/scripts/kindeditor/php/../attached/image/20151120/20151120214916_97341.jpg\" /><img alt=\"\" src=\"/admin/scripts/kindeditor/php/../attached/image/20151120/20151120214925_51154.jpg\" /><img alt=\"\" src=\"/admin/scripts/kindeditor/php/../attached/image/20151120/20151120214930_86742.jpg\" /><img alt=\"\" src=\"/admin/scripts/kindeditor/php/../attached/image/20151120/20151120214939_61910.jpg\" />',NULL,'2015-11-20 13:52:55'),(106,'product','product33',NULL,'<img alt=\"\" src=\"/admin/scripts/kindeditor/php/../attached/image/20151120/20151120220922_62668.jpg\" /><img alt=\"\" src=\"/admin/scripts/kindeditor/php/../attached/image/20151120/20151120220928_19975.jpg\" /><img alt=\"\" src=\"/admin/scripts/kindeditor/php/../attached/image/20151120/20151120220932_25216.jpg\" /><img alt=\"\" src=\"/admin/scripts/kindeditor/php/../attached/image/20151120/20151120220938_53637.jpg\" /><img alt=\"\" src=\"/admin/scripts/kindeditor/php/../attached/image/20151120/20151120220941_44013.gif\" /><img alt=\"\" src=\"/admin/scripts/kindeditor/php/../attached/image/20151120/20151120220944_76722.jpg\" /><img alt=\"\" src=\"/admin/scripts/kindeditor/php/../attached/image/20151120/20151120220948_39825.jpg\" />',NULL,'2015-11-20 14:12:19'),(107,'product','product34',NULL,'<img alt=\"\" src=\"/admin/scripts/kindeditor/php/../attached/image/20151120/20151120221633_65228.jpg\" /><img alt=\"\" src=\"/admin/scripts/kindeditor/php/../attached/image/20151120/20151120221639_61100.jpg\" /><img alt=\"\" src=\"/admin/scripts/kindeditor/php/../attached/image/20151120/20151120221645_38869.jpg\" /><img alt=\"\" src=\"/admin/scripts/kindeditor/php/../attached/image/20151120/20151120221650_11263.jpg\" /><img alt=\"\" src=\"/admin/scripts/kindeditor/php/../attached/image/20151120/20151120221652_26413.gif\" /><img alt=\"\" src=\"/admin/scripts/kindeditor/php/../attached/image/20151120/20151120221658_20629.jpg\" /><img alt=\"\" src=\"/admin/scripts/kindeditor/php/../attached/image/20151120/20151120221711_94017.jpg\" />',NULL,'2015-11-20 14:20:17'),(108,'product','product35',NULL,'<img alt=\"\" src=\"/admin/scripts/kindeditor/php/../attached/image/20151120/20151120222448_35628.jpg\" /><img alt=\"\" src=\"/admin/scripts/kindeditor/php/../attached/image/20151120/20151120222502_40778.jpg\" /><img alt=\"\" src=\"/admin/scripts/kindeditor/php/../attached/image/20151120/20151120222512_84473.jpg\" /><img alt=\"\" src=\"/admin/scripts/kindeditor/php/../attached/image/20151120/20151120222518_93702.jpg\" /><img alt=\"\" src=\"/admin/scripts/kindeditor/php/../attached/image/20151120/20151120222525_86766.jpg\" />',NULL,'2015-11-20 14:25:47'),(109,'product','product36',NULL,'<img alt=\"\" src=\"/admin/scripts/kindeditor/php/../attached/image/20151120/20151120222828_25249.jpg\" /><img alt=\"\" src=\"/admin/scripts/kindeditor/php/../attached/image/20151120/20151120222840_22030.jpg\" /><img alt=\"\" src=\"/admin/scripts/kindeditor/php/../attached/image/20151120/20151120222854_54250.jpg\" /><img alt=\"\" src=\"/admin/scripts/kindeditor/php/../attached/image/20151120/20151120222905_27144.jpg\" /><img alt=\"\" src=\"/admin/scripts/kindeditor/php/../attached/image/20151120/20151120222908_73083.jpg\" />',NULL,'2015-11-20 14:30:52'),(110,'product','product37',NULL,'<img alt=\"\" src=\"/admin/scripts/kindeditor/php/../attached/image/20151120/20151120223332_16564.jpg\" /><img alt=\"\" src=\"/admin/scripts/kindeditor/php/../attached/image/20151120/20151120223343_61701.jpg\" /><img alt=\"\" src=\"/admin/scripts/kindeditor/php/../attached/image/20151120/20151120223349_76101.jpg\" /><img alt=\"\" src=\"/admin/scripts/kindeditor/php/../attached/image/20151120/20151120223356_28858.jpg\" /><img alt=\"\" src=\"/admin/scripts/kindeditor/php/../attached/image/20151120/20151120223401_61550.jpg\" />',NULL,'2015-11-20 14:34:25'),(111,'product','product38',NULL,'<img alt=\"\" src=\"/admin/scripts/kindeditor/php/../attached/image/20151121/20151121000607_75143.jpg\" /><img alt=\"\" src=\"/admin/scripts/kindeditor/php/../attached/image/20151121/20151121000615_11277.jpg\" /><img alt=\"\" src=\"/admin/scripts/kindeditor/php/../attached/image/20151121/20151121000626_18127.jpg\" /><img alt=\"\" src=\"/admin/scripts/kindeditor/php/../attached/image/20151121/20151121000640_15468.jpg\" /><img alt=\"\" src=\"/admin/scripts/kindeditor/php/../attached/image/20151121/20151121000652_93828.jpg\" /><img alt=\"\" src=\"/admin/scripts/kindeditor/php/../attached/image/20151121/20151121000711_40407.jpg\" /><img alt=\"\" src=\"/admin/scripts/kindeditor/php/../attached/image/20151121/20151121000724_52209.jpg\" /><img alt=\"\" src=\"/admin/scripts/kindeditor/php/../attached/image/20151121/20151121000729_37627.jpg\" />',NULL,'2015-11-20 16:08:18'),(112,'product','product39',NULL,'<img alt=\"\" src=\"/admin/scripts/kindeditor/php/../attached/image/20151121/20151121174142_45139.jpg\" /><img alt=\"\" src=\"/admin/scripts/kindeditor/php/../attached/image/20151121/20151121174153_57710.jpg\" /><img alt=\"\" src=\"/admin/scripts/kindeditor/php/../attached/image/20151121/20151121174156_11829.jpg\" /><img alt=\"\" src=\"/admin/scripts/kindeditor/php/../attached/image/20151121/20151121174203_78494.jpg\" /><img alt=\"\" src=\"/admin/scripts/kindeditor/php/../attached/image/20151121/20151121174209_62904.jpg\" /><img alt=\"\" src=\"/admin/scripts/kindeditor/php/../attached/image/20151121/20151121174215_47026.jpg\" /><img alt=\"\" src=\"/admin/scripts/kindeditor/php/../attached/image/20151121/20151121174221_25908.jpg\" /><img alt=\"\" src=\"/admin/scripts/kindeditor/php/../attached/image/20151121/20151121174225_30577.jpg\" />',NULL,'2015-11-21 09:44:21'),(113,'product','product40',NULL,'<img alt=\"\" src=\"/admin/scripts/kindeditor/php/../attached/image/20151121/20151121174952_42472.jpg\" /><img alt=\"\" src=\"/admin/scripts/kindeditor/php/../attached/image/20151121/20151121174956_64552.jpg\" /><img alt=\"\" src=\"/admin/scripts/kindeditor/php/../attached/image/20151121/20151121174959_93572.jpg\" /><img alt=\"\" src=\"/admin/scripts/kindeditor/php/../attached/image/20151121/20151121175006_40075.jpg\" /><img alt=\"\" src=\"/admin/scripts/kindeditor/php/../attached/image/20151121/20151121175012_86821.jpg\" /><img alt=\"\" src=\"/admin/scripts/kindeditor/php/../attached/image/20151121/20151121175019_11977.jpg\" /><img alt=\"\" src=\"/admin/scripts/kindeditor/php/../attached/image/20151121/20151121175025_12864.jpg\" />',NULL,'2015-11-21 09:50:56'),(114,'product','product41',NULL,'<img alt=\"\" src=\"/admin/scripts/kindeditor/php/../attached/image/20151123/20151123093243_45255.jpg\" /><img alt=\"\" src=\"/admin/scripts/kindeditor/php/../attached/image/20151123/20151123093306_98467.jpg\" /><img alt=\"\" src=\"/admin/scripts/kindeditor/php/../attached/image/20151123/20151123093319_81553.jpg\" /><img alt=\"\" src=\"/admin/scripts/kindeditor/php/../attached/image/20151123/20151123093326_12406.jpg\" /><img alt=\"\" src=\"/admin/scripts/kindeditor/php/../attached/image/20151123/20151123093336_59677.jpg\" /><img alt=\"\" src=\"/admin/scripts/kindeditor/php/../attached/image/20151123/20151123093349_22878.jpg\" /><img alt=\"\" src=\"/admin/scripts/kindeditor/php/../attached/image/20151123/20151123093420_89771.jpg\" />',NULL,'2015-11-23 01:55:51'),(115,'product','product42',NULL,'<img alt=\"\" src=\"/admin/scripts/kindeditor/php/../attached/image/20151123/20151123102844_67329.jpg\" /><img alt=\"\" src=\"/admin/scripts/kindeditor/php/../attached/image/20151123/20151123102904_16668.jpg\" /><img alt=\"\" src=\"/admin/scripts/kindeditor/php/../attached/image/20151123/20151123102919_11400.jpg\" /><img alt=\"\" src=\"/admin/scripts/kindeditor/php/../attached/image/20151123/20151123102929_96380.jpg\" /><img alt=\"\" src=\"/admin/scripts/kindeditor/php/../attached/image/20151123/20151123102943_76667.jpg\" /><img alt=\"\" src=\"/admin/scripts/kindeditor/php/../attached/image/20151123/20151123102952_36878.jpg\" /><img alt=\"\" src=\"/admin/scripts/kindeditor/php/../attached/image/20151123/20151123103022_27762.jpg\" />',NULL,'2015-11-23 02:30:55'),(116,'product','product43',NULL,'<img alt=\"\" src=\"/admin/scripts/kindeditor/php/../attached/image/20151123/20151123104601_42794.jpg\" /><img alt=\"\" src=\"/admin/scripts/kindeditor/php/../attached/image/20151123/20151123104613_80504.jpg\" /><img alt=\"\" src=\"/admin/scripts/kindeditor/php/../attached/image/20151123/20151123104622_39891.jpg\" /><img alt=\"\" src=\"/admin/scripts/kindeditor/php/../attached/image/20151123/20151123104630_83888.jpg\" /><img alt=\"\" src=\"/admin/scripts/kindeditor/php/../attached/image/20151123/20151123104636_81315.jpg\" /><img alt=\"\" src=\"/admin/scripts/kindeditor/php/../attached/image/20151123/20151123104643_58087.jpg\" /><img alt=\"\" src=\"/admin/scripts/kindeditor/php/../attached/image/20151123/20151123104653_93660.jpg\" /> \n<p>\n	&nbsp;\n</p>',NULL,'2015-11-23 02:47:20'),(123,'product','product44',NULL,'<img alt=\"\" src=\"/admin/scripts/kindeditor/php/./../attached/image/20151128/20151128234124_62819.jpg\" /><img alt=\"\" src=\"/admin/scripts/kindeditor/php/./../attached/image/20151128/20151128234143_41651.jpg\" /><img alt=\"\" src=\"/admin/scripts/kindeditor/php/./../attached/image/20151128/20151128234203_34936.jpg\" /><img alt=\"\" src=\"/admin/scripts/kindeditor/php/./../attached/image/20151128/20151128234213_96783.jpg\" /><img alt=\"\" src=\"/admin/scripts/kindeditor/php/./../attached/image/20151128/20151128234219_68043.jpg\" /><img alt=\"\" src=\"/admin/scripts/kindeditor/php/./../attached/image/20151128/20151128234227_53132.jpg\" /><img alt=\"\" src=\"/admin/scripts/kindeditor/php/./../attached/image/20151128/20151128234305_58438.jpg\" />',NULL,'2015-11-28 15:43:43'),(124,'company','brand_recommend','滴雨试骜','http://pyyuexin.1688.com/page/offerlist_30732536.htm?spm=a2615.7691456.0.0.eowiha','','2015-12-16 01:09:34'),(125,'company','brand_recommend','淋雨实骜','http://pyyuexin.1688.com/page/offerlist_28776431.htm?spm=a2615.7691456.0.0.qie6l5','','2015-12-16 01:10:22'),(126,'company','brand_recommend','浸水试骜','http://pyyuexin.1688.com/page/offerlist_32332944.htm?spm=a2615.7691456.0.0.z6t9xv','','2015-12-16 01:11:09'),(128,'company','companykey','','hot_search','','2015-12-16 01:14:45'),(129,'company','subject','','淋雨试验箱','','2015-12-16 01:14:46'),(130,'company','content','','http://pyyuexin.1688.com/page/offerlist_28776431.htm?spm=a2615.7691456.0.0.qie6l5','','2015-12-16 01:14:47'),(131,'company','companykey','','hot_search','','2015-12-16 01:15:33'),(132,'company','subject','','喷水试验箱','','2015-12-16 01:15:34'),(133,'company','content','','http://pyyuexin.1688.com/page/offerlist_32332944.htm?spm=a2615.7691456.0.0.z6t9xv','','2015-12-16 01:15:35'),(134,'company','brand_recommend','喷水试骜','http://pyyuexin.1688.com/page/offerlist_32332945.htm?spm=a2615.7691456.0.0.rdvfke','','2015-12-18 23:26:58');
/*!40000 ALTER TABLE `content` ENABLE KEYS */;
UNLOCK TABLES;

--
-- Table structure for table `countor`
--

DROP TABLE IF EXISTS `countor`;
/*!40101 SET @saved_cs_client     = @@character_set_client */;
/*!40101 SET character_set_client = utf8 */;
CREATE TABLE `countor` (
  `count_id` int(11) NOT NULL AUTO_INCREMENT,
  `visit_count` int(11) DEFAULT NULL,
  `count_date` varchar(10) DEFAULT NULL,
  `rec_date` timestamp NOT NULL DEFAULT CURRENT_TIMESTAMP,
  PRIMARY KEY (`count_id`)
) ENGINE=InnoDB AUTO_INCREMENT=24 DEFAULT CHARSET=utf8;
/*!40101 SET character_set_client = @saved_cs_client */;

--
-- Dumping data for table `countor`
--

LOCK TABLES `countor` WRITE;
/*!40000 ALTER TABLE `countor` DISABLE KEYS */;
INSERT INTO `countor` VALUES (1,10,'2015.11.10','2015-11-16 08:13:02'),(2,21,'2015.11.12','2015-11-16 08:13:02'),(3,4,'2015.11.13','2015-11-16 08:13:02'),(4,7,'2015.11.14','2015-11-16 08:13:02'),(5,45,'2015.11.15','2015-11-16 08:13:02'),(6,116,'2015.11.16','2015-11-16 13:56:57'),(7,1,'2015.11.18','2015-11-17 22:08:18'),(8,37,'2015.11.20','2015-11-20 15:51:47'),(9,3,'2015.11.21','2015-11-21 10:06:41'),(10,2,'2015.11.22','2015-11-22 09:21:42'),(11,17,'2015.11.26','2015-11-26 08:22:46'),(12,14,'2015.11.28','2015-11-28 15:45:24'),(13,1,'2015.11.29','2015-11-28 16:21:40'),(14,5,'2015.12.01','2015-12-01 14:10:31'),(15,2,'2015.12.03','2015-12-03 01:12:50'),(16,5,'2015.12.07','2015-12-07 04:42:01'),(17,2,'2015.12.08','2015-12-08 01:29:12'),(18,1,'2015.12.09','2015-12-08 16:20:25'),(19,1,'2015.12.14','2015-12-14 14:42:10'),(20,1,'2015.12.15','2015-12-15 14:21:58'),(21,3,'2015.12.16','2015-12-16 01:18:38'),(22,1,'2015.12.17','2015-12-17 03:20:36'),(23,1,'2015.12.19','2015-12-18 23:13:11');
/*!40000 ALTER TABLE `countor` ENABLE KEYS */;
UNLOCK TABLES;

--
-- Table structure for table `doc_file`
--

DROP TABLE IF EXISTS `doc_file`;
/*!40101 SET @saved_cs_client     = @@character_set_client */;
/*!40101 SET character_set_client = utf8 */;
CREATE TABLE `doc_file` (
  `file_id` int(11) NOT NULL AUTO_INCREMENT,
  `in_module` varchar(30) DEFAULT NULL,
  `file_key` varchar(30) DEFAULT NULL,
  `saved_path` varchar(100) DEFAULT NULL,
  `showed_name` varchar(50) DEFAULT NULL,
  `file_url` varchar(150) DEFAULT NULL,
  `file_desc` varchar(50) DEFAULT NULL,
  `file_sort` int(11) DEFAULT NULL,
  `ext_name` varchar(10) DEFAULT NULL,
  `rec_date` timestamp NOT NULL DEFAULT CURRENT_TIMESTAMP,
  PRIMARY KEY (`file_id`)
) ENGINE=InnoDB AUTO_INCREMENT=64 DEFAULT CHARSET=utf8;
/*!40101 SET character_set_client = @saved_cs_client */;

--
-- Dumping data for table `doc_file`
--

LOCK TABLES `doc_file` WRITE;
/*!40000 ALTER TABLE `doc_file` DISABLE KEYS */;
INSERT INTO `doc_file` VALUES (49,'product','product1448035693','../upload/product/product1448035693.jpg','200RS官网主图','','',0,'.jpg','2015-11-20 16:08:15'),(50,'product','product1448099056','../upload/product/product1448099056.jpg','400RS官网主图','','',0,'.jpg','2015-11-21 09:44:18'),(51,'product','product1448099451','../upload/product/product1448099451.jpg','600RS官网主图','','',0,'.jpg','2015-11-21 09:50:53'),(52,'company','company_banner','../upload/company/company1448184228.png','banner_20151120_1','','',0,'.png','2015-11-22 09:23:49'),(53,'company','company_banner','../upload/company/company1448184235.png','banner_20151120_2','','',0,'.png','2015-11-22 09:23:56'),(54,'company','company_banner','../upload/company/company1448184241.png','banner_20151120_3','','',0,'.png','2015-11-22 09:24:02'),(55,'company','company_banner','../upload/company/company1448184247.png','banner_20151120_4','','',0,'.png','2015-11-22 09:24:08'),(56,'product','product1448243746','../upload/product/product1448243746.jpg','IPX56A官网主图','','',0,'.jpg','2015-11-23 01:55:48'),(57,'product','product1448245849','../upload/product/product1448245849.jpg','IPX56AS官网主图','','',0,'.jpg','2015-11-23 02:30:51'),(58,'product','product1448246835','../upload/product/product1448246835.jpg','IPX5B官网主图','','',0,'.jpg','2015-11-23 02:47:17'),(60,'company','company_barcode','../upload/company/company1448717851.png','网站二维码1','','',0,'.png','2015-11-28 13:37:34'),(61,'product','product1448725418','../upload/product/product1448725418.jpg','IPX56B官网主图','','',0,'.jpg','2015-11-28 15:43:40'),(62,'company','company_links','../upload/company/company1449441743.gif','company1446366396','http://www.yuexinchina.com','精品生活',0,'.gif','2015-12-06 22:42:24'),(63,'material','material_file','../upload/material/material1449465910.log','server','','',0,'.log','2015-12-07 05:25:11');
/*!40000 ALTER TABLE `doc_file` ENABLE KEYS */;
UNLOCK TABLES;

--
-- Table structure for table `message`
--

DROP TABLE IF EXISTS `message`;
/*!40101 SET @saved_cs_client     = @@character_set_client */;
/*!40101 SET character_set_client = utf8 */;
CREATE TABLE `message` (
  `message_id` int(11) NOT NULL AUTO_INCREMENT,
  `email` varchar(30) DEFAULT NULL,
  `content` text,
  `phone` varchar(30) DEFAULT NULL,
  `uname` varchar(30) DEFAULT NULL,
  `reply` text,
  `reply_date` date DEFAULT NULL,
  `rec_date` timestamp NOT NULL DEFAULT CURRENT_TIMESTAMP,
  PRIMARY KEY (`message_id`)
) ENGINE=InnoDB AUTO_INCREMENT=3 DEFAULT CHARSET=utf8;
/*!40101 SET character_set_client = @saved_cs_client */;

--
-- Dumping data for table `message`
--

LOCK TABLES `message` WRITE;
/*!40000 ALTER TABLE `message` DISABLE KEYS */;
INSERT INTO `message` VALUES (1,'672836012@qq.com','很高兴认识你，来你们的官网看看。','12345678901','陈先生','很高兴认识你，来你们的官网看看。20151206','2015-12-08','2015-11-16 00:30:23'),(2,'672836012@qq.com','很高兴认识你，来你们的官网看看。','12345678901','陈先生','hello','2015-11-16','2015-11-16 00:31:17');
/*!40000 ALTER TABLE `message` ENABLE KEYS */;
UNLOCK TABLES;

--
-- Table structure for table `p_sort`
--

DROP TABLE IF EXISTS `p_sort`;
/*!40101 SET @saved_cs_client     = @@character_set_client */;
/*!40101 SET character_set_client = utf8 */;
CREATE TABLE `p_sort` (
  `sort_id` int(11) NOT NULL AUTO_INCREMENT,
  `sort_name` varchar(30) DEFAULT NULL,
  `rec_date` timestamp NOT NULL DEFAULT CURRENT_TIMESTAMP,
  PRIMARY KEY (`sort_id`)
) ENGINE=InnoDB AUTO_INCREMENT=13 DEFAULT CHARSET=utf8;
/*!40101 SET character_set_client = @saved_cs_client */;

--
-- Dumping data for table `p_sort`
--

LOCK TABLES `p_sort` WRITE;
/*!40000 ALTER TABLE `p_sort` DISABLE KEYS */;
INSERT INTO `p_sort` VALUES (1,'汽车淋雨检测线','2015-11-16 12:54:52'),(2,'IPX1-2垂直滴雨试验装置','2015-11-16 12:59:07'),(3,'IPX3-4摆管淋雨试验装置','2015-11-16 12:58:57'),(4,'IPX5-6强喷水试验装置','2015-11-16 12:58:31'),(5,'IPX7浸水试验装置','2015-11-16 12:58:03'),(6,'IPX8压力浸水试验装置','2015-11-16 12:57:45'),(7,'IPX9K高温高压喷淋试验装置','2015-11-16 12:56:32'),(8,'IPX3-4花洒淋雨试验装置','2015-11-16 12:58:46'),(9,'UL喷水试验装置','2015-11-16 12:55:15'),(11,'综合淋雨箱','2015-11-16 12:56:10'),(12,'IPX1-8防水试验装置','2015-11-16 12:57:27');
/*!40000 ALTER TABLE `p_sort` ENABLE KEYS */;
UNLOCK TABLES;

--
-- Table structure for table `product`
--

DROP TABLE IF EXISTS `product`;
/*!40101 SET @saved_cs_client     = @@character_set_client */;
/*!40101 SET character_set_client = utf8 */;
CREATE TABLE `product` (
  `product_id` int(11) NOT NULL AUTO_INCREMENT,
  `product_no` varchar(30) DEFAULT NULL,
  `product_name` varchar(30) DEFAULT NULL,
  `sort_id` int(11) NOT NULL,
  `order_no` int(11) DEFAULT '0',
  `m_image` varchar(100) DEFAULT NULL,
  `ali_url` varchar(80) DEFAULT NULL,
  `is_recommend` tinyint(4) DEFAULT '0',
  `is_showhome` tinyint(4) DEFAULT '0',
  `rec_date` timestamp NOT NULL DEFAULT CURRENT_TIMESTAMP,
  PRIMARY KEY (`product_id`)
) ENGINE=InnoDB AUTO_INCREMENT=45 DEFAULT CHARSET=utf8;
/*!40101 SET character_set_client = @saved_cs_client */;

--
-- Dumping data for table `product`
--

LOCK TABLES `product` WRITE;
/*!40000 ALTER TABLE `product` DISABLE KEYS */;
INSERT INTO `product` VALUES (23,'0','IPX5-6强喷水试验机',4,0,'../upload/product/product1447680602.jpg','http://detail.1688.com/offer/520648335987.html?spm=a2615.7691456.0.0.oTcH6w',1,1,'2015-11-16 13:44:22'),(24,'0','IPX7浸水试验箱',5,0,'../upload/product/product1447681116.jpg','http://detail.1688.com/offer/520121156790.html?spm=a2615.7691456.0.0.JxQLQ4',1,1,'2015-11-16 13:44:24'),(26,'0','日标综合淋雨试验箱',11,0,'../upload/product/product1447681691.jpg','http://detail.1688.com/offer/520325643865.html?spm=a2615.7691456.0.0.REcDDA',1,1,'2015-11-16 13:48:37'),(27,'0','IPX1-2垂直滴雨试验箱(IPX12A-200)',2,0,'../upload/product/product1448019921.jpg','http://detail.1688.com/offer/520188890112.html?spm=a2615.7691456.0.0.pvqCmc',0,1,'2015-11-28 14:09:19'),(28,'0','IPX1-2垂直滴雨试验箱 (IPX12A-600)',2,0,'../upload/product/product1448023039.jpg','http://detail.1688.com/offer/520771388417.html?spm=a2615.7691456.0.0.pvqCmc',0,0,'2015-11-28 14:09:29'),(29,'0','IPX1-2垂直滴雨试验机 (IPX12B-800)',2,0,'../upload/product/product1448025848.jpg','http://detail.1688.com/offer/520769198031.html?spm=a2615.7691456.0.0.pvqCmc',1,0,'2015-11-28 14:09:32'),(30,'0','IPX1-2垂直滴雨试验机 (IPX12B-1000)',2,0,'../upload/product/product1448026393.jpg','http://detail.1688.com/offer/520532076170.html?spm=a2615.7691456.0.0.pvqCmc',0,0,'2015-11-28 14:06:15'),(31,'0','IPX1-2垂直滴雨试验机 (IPX12C-800)',2,0,'../upload/product/product1448026720.jpg','http://detail.1688.com/offer/520766689990.html?spm=a2615.7691456.0.0.pvqCmc',0,0,'2015-11-28 14:05:46'),(32,'0','IPX1-2垂直滴雨试验机 (IPX12C-1000)',2,0,'../upload/product/product1448028116.jpg','http://detail.1688.com/offer/520400201123.html?spm=a2615.7691456.0.0.pvqCmc',0,1,'2015-11-28 14:09:25'),(33,'','IPX3-4花洒淋雨试验装置 (IPX34AS)',8,0,'../upload/product/product1448028735.jpg','http://detail.1688.com/offer/520789706581.html?spm=a2615.7691456.0.0.70LiMf',0,0,'2015-11-20 14:12:18'),(34,'0','IPX3-4花洒淋雨试验装置 (IPX34A)',8,0,'../upload/product/product1448029204.jpg','http://detail.1688.com/offer/36470584210.html?spm=a2615.7691456.0.0.70LiMf',1,1,'2015-11-20 15:55:59'),(35,'0','IPX3-4摆管淋雨试验机 (IPX34C-R800)',3,0,'../upload/product/product1448029542.jpg','http://detail.1688.com/offer/37929566031.html?spm=a2615.7691456.0.0.70LiMf',1,1,'2015-11-20 15:56:26'),(36,'0','IPX3-4摆管淋雨试验机 (IPX34C-R1200)',3,0,'../upload/product/product1448034884.jpg','http://detail.1688.com/offer/45568709051.html?spm=a2615.7691456.0.0.ypPifH',1,1,'2015-11-28 13:39:21'),(37,'0','IPX3-4摆管淋雨试验机 (IPX34C-R1600)',3,0,'../upload/product/product1448030060.jpg','http://detail.1688.com/offer/45587980881.html?spm=a2615.7691456.0.0.ypPifH',1,1,'2015-11-28 13:39:19'),(38,'0','IPX3-4摆管淋雨试验箱 (IPX34B-R200)',3,0,'../upload/product/product1448035693.jpg','http://detail.1688.com/offer/45768020265.html?spm=0.0.0.0.FxiVdd',0,1,'2015-11-28 13:39:11'),(39,'0','IPX3-4摆管淋雨试验箱 (IPX34B-R400)',3,0,'../upload/product/product1448099056.jpg','http://detail.1688.com/offer/45721923321.html?spm=a2615.7691456.0.0.8mKh1t',0,1,'2015-11-28 13:39:13'),(40,'0','IPX3-4摆管淋雨试验箱 (IPX34B-R600)',3,0,'../upload/product/product1448099451.jpg','http://detail.1688.com/offer/520033128340.html?spm=a2615.7691456.0.0.8mKh1t',1,1,'2015-11-28 13:39:05'),(41,'','IPX5-6强喷水试验机 (IPX56A)',4,0,'../upload/product/product1448243746.jpg','http://detail.1688.com/offer/521497670648.html?spm=0.0.0.0.CiTHlS',0,0,'2015-11-23 01:55:50'),(42,'','IPX5-6强喷水试验机 (IPX56AS)',4,0,'../upload/product/product1448245849.jpg','http://detail.1688.com/offer/520652449301.html?spm=0.0.0.0.CiTHlS',0,0,'2015-11-23 02:30:54'),(43,'0','IPX5强喷水试验箱 (IPX5B-1000)',4,0,'../upload/product/product1448246835.jpg','http://detail.1688.com/offer/523727003423.html?spm=0.0.0.0.CiTHlS',1,1,'2015-11-28 13:39:03'),(44,'','IPX5-6强喷水试验箱（YX-IPX56B',4,0,'../upload/product/product1448725418.jpg','http://detail.1688.com/offer/520666455295.html?spm=a2615.7691456.0.0.8158zK',0,0,'2015-11-28 15:43:42');
/*!40000 ALTER TABLE `product` ENABLE KEYS */;
UNLOCK TABLES;

--
-- Table structure for table `yuser`
--

DROP TABLE IF EXISTS `yuser`;
/*!40101 SET @saved_cs_client     = @@character_set_client */;
/*!40101 SET character_set_client = utf8 */;
CREATE TABLE `yuser` (
  `user_id` int(11) NOT NULL AUTO_INCREMENT,
  `login_name` varchar(20) DEFAULT NULL,
  `password` varchar(20) DEFAULT NULL,
  `rec_date` timestamp NOT NULL DEFAULT CURRENT_TIMESTAMP,
  PRIMARY KEY (`user_id`),
  UNIQUE KEY `login_name` (`login_name`)
) ENGINE=InnoDB AUTO_INCREMENT=2 DEFAULT CHARSET=utf8;
/*!40101 SET character_set_client = @saved_cs_client */;

--
-- Dumping data for table `yuser`
--

LOCK TABLES `yuser` WRITE;
/*!40000 ALTER TABLE `yuser` DISABLE KEYS */;
INSERT INTO `yuser` VALUES (1,'admin','yuexinchina','2015-11-16 06:57:23');
/*!40000 ALTER TABLE `yuser` ENABLE KEYS */;
UNLOCK TABLES;
/*!40103 SET TIME_ZONE=@OLD_TIME_ZONE */;

/*!40101 SET SQL_MODE=@OLD_SQL_MODE */;
/*!40014 SET FOREIGN_KEY_CHECKS=@OLD_FOREIGN_KEY_CHECKS */;
/*!40014 SET UNIQUE_CHECKS=@OLD_UNIQUE_CHECKS */;
/*!40101 SET CHARACTER_SET_CLIENT=@OLD_CHARACTER_SET_CLIENT */;
/*!40101 SET CHARACTER_SET_RESULTS=@OLD_CHARACTER_SET_RESULTS */;
/*!40101 SET COLLATION_CONNECTION=@OLD_COLLATION_CONNECTION */;
/*!40111 SET SQL_NOTES=@OLD_SQL_NOTES */;

-- Dump completed on 2015-12-19  7:41:10
